Task ID,O*NET-SOC Code,Occupation,Task,Task Type,Category,Frequency,Importance,Relevance,Occupation Mean Annual Wage,Occupation Employment,Skill,Skill ID,Industry Group,Worker Rating Count,Worker Automation Desire,Worker Time Rating,Worker Core Skill,Worker Job Security,Worker Enjoyment,Worker Physical Req,Worker Interpersonal Req,Worker Uncertainty Req,Worker Domain Req,Worker Agency Req,Worker Auto Reason Free Time,Worker Auto Reason Repetitive,Worker Auto Reason Human Error,Worker Auto Reason Stress,Worker Auto Reason Difficulty,Worker Auto Reason Scale,Worker Agency Reason Physical,Worker Agency Reason Control,Worker Agency Reason Domain,Worker Agency Reason Empathy,Worker Agency Reason Quality,Worker Agency Reason Dynamic,Worker Agency Reason Ethical,Expert Rating Count,Expert Automation Capacity,Expert Physical Req,Expert Uncertainty Req,Expert Domain Req,Expert Interpersonal Req,Expert Agency Req
8870,11-3031.01,Treasurers and Controllers,Evaluate needs for procurement of funds and investment of surpluses and make appropriate recommendations.,Core,5.0,5.0,4.52,96.0,,,"['Making Decisions and Solving Problems', 'Providing Consultation and Advice to Others']","['4.A.2.b.1', '4.A.4.b.6']",Khác,5,2.0,2.2,2.8,2.6,2.4,2.4,3.0,3.4,3.8,3.4,20.0,0.0,0.0,0.0,0.0,20.0,0.0,60.0,60.0,60.0,60.0,60.0,20.0,2,3.0,1.5,4.0,3.5,1.5,3.0
20168,11-3031.01,Treasurers and Controllers,"Monitor financial activities and details, such as cash flow and reserve levels, to ensure that all legal and regulatory requirements are met.",Core,5.0,5.0,4.4,100.0,,,"['Monitoring Processes, Materials, or Surroundings']",['4.A.1.a.2'],Khác,9,3.0,2.3333333333333335,3.3333333333333335,1.8888888888888888,2.5555555555555554,2.2222222222222223,2.4444444444444446,2.888888888888889,3.0,2.6666666666666665,55.55555555555556,11.11111111111111,11.11111111111111,11.11111111111111,0.0,44.44444444444444,0.0,22.22222222222222,33.33333333333333,22.22222222222222,33.33333333333333,33.33333333333333,11.11111111111111,3,4.0,2.0,3.3333333333333335,3.3333333333333335,2.0,2.3333333333333335
8861,11-3031.01,Treasurers and Controllers,"Receive, record, and authorize requests for disbursements in accordance with company policies and procedures.",Core,5.0,5.0,4.33,96.0,,,['Making Decisions and Solving Problems'],['4.A.2.b.1'],Khác,5,2.6,2.4,2.6,2.4,2.8,2.6,2.4,2.6,2.8,2.8,40.0,0.0,0.0,0.0,0.0,20.0,0.0,20.0,20.0,0.0,40.0,0.0,0.0,4,3.5,1.75,4.25,3.0,3.25,3.0
8865,11-3031.01,Treasurers and Controllers,"Coordinate and direct the financial planning, budgeting, procurement, or investment activities of all or part of an organization.",Core,3.0,3.0,4.22,92.0,,,"['Guiding, Directing, and Motivating Subordinates']",['4.A.4.b.4'],Khác,7,2.0,2.7142857142857144,4.428571428571429,3.2857142857142856,3.7142857142857144,2.0,3.7142857142857144,3.857142857142857,4.0,4.428571428571429,14.285714285714285,0.0,0.0,0.0,0.0,14.285714285714285,42.857142857142854,71.42857142857143,71.42857142857143,42.857142857142854,57.14285714285714,57.14285714285714,28.57142857142857,3,3.0,2.0,3.3333333333333335,3.3333333333333335,3.0,3.3333333333333335
8867,11-3031.01,Treasurers and Controllers,"Analyze the financial details of past, present, and expected operations to identify development opportunities and areas where improvement is needed.",Core,3.0,3.0,4.08,96.0,,,['Analyzing Data or Information'],['4.A.2.a.4'],Khác,8,2.5,1.875,3.625,2.375,3.125,1.75,3.125,3.375,3.75,3.25,50.0,0.0,12.5,0.0,12.5,37.5,0.0,25.0,50.0,37.5,50.0,37.5,25.0,3,4.0,1.6666666666666667,2.6666666666666665,3.0,1.3333333333333333,2.3333333333333335
8873,11-3031.01,Treasurers and Controllers,"Compute, withhold, and account for all payroll deductions.",Supplemental,3.0,3.0,4.0,28.0,,,"['Estimating the Quantifiable Characteristics of Products, Events, or Information']",['4.A.1.b.3'],Khác,4,3.0,1.25,2.5,1.5,1.75,2.75,2.0,2.0,2.5,2.5,25.0,50.0,25.0,0.0,25.0,0.0,25.0,0.0,25.0,0.0,25.0,25.0,0.0,3,4.666666666666667,1.3333333333333333,2.6666666666666665,3.0,1.6666666666666667,1.3333333333333333
15980,13-1199.05,Sustainability Specialists,"Monitor or track sustainability indicators, such as energy usage, natural resource usage, waste generation, and recycling.",Core,5.0,5.0,4.22,100.0,,,"['Monitoring Processes, Materials, or Surroundings']",['4.A.1.a.2'],Khác,8,3.0,2.0,3.625,1.875,3.125,2.375,3.0,3.0,3.5,3.375,62.5,25.0,50.0,0.0,12.5,50.0,37.5,37.5,12.5,12.5,50.0,62.5,25.0,3,4.333333333333333,2.0,2.0,2.0,1.0,1.6666666666666667
15979,13-1199.05,Sustainability Specialists,"Assess or propose sustainability initiatives, considering factors such as cost effectiveness, technical feasibility, and acceptance.",Core,3.0,3.0,4.13,100.0,,,"['Judging the Qualities of Objects, Services, or People', 'Thinking Creatively']","['4.A.2.a.1', '4.A.2.b.2']",Khác,8,2.75,2.125,3.75,2.25,3.625,2.375,4.125,4.0,4.125,3.875,37.5,12.5,50.0,25.0,37.5,12.5,12.5,87.5,62.5,62.5,75.0,50.0,62.5,2,3.5,2.0,2.5,3.5,2.5,3.0
15973,13-1199.05,Sustainability Specialists,Provide technical or administrative support for sustainability programs or issues.,Core,5.0,5.0,4.0,100.0,,,['Providing Consultation and Advice to Others'],['4.A.4.b.6'],Khác,7,3.0,3.0,3.857142857142857,2.5714285714285716,3.4285714285714284,2.0,3.7142857142857144,3.0,3.4285714285714284,2.5714285714285716,57.14285714285714,14.285714285714285,42.857142857142854,14.285714285714285,14.285714285714285,42.857142857142854,14.285714285714285,14.285714285714285,57.14285714285714,28.57142857142857,28.57142857142857,14.285714285714285,14.285714285714285,3,3.0,1.3333333333333333,2.3333333333333335,3.3333333333333335,2.6666666666666665,3.6666666666666665
15968,13-1199.05,Sustainability Specialists,Review and revise sustainability proposals or policies.,Core,3.0,3.0,4.0,100.0,,,['Developing Objectives and Strategies'],['4.A.2.b.4'],Khác,6,3.1666666666666665,2.5,4.333333333333333,1.3333333333333333,2.6666666666666665,1.3333333333333333,3.1666666666666665,3.3333333333333335,3.8333333333333335,3.1666666666666665,50.0,33.33333333333333,50.0,33.33333333333333,33.33333333333333,50.0,16.666666666666664,50.0,33.33333333333333,33.33333333333333,50.0,33.33333333333333,33.33333333333333,3,3.0,1.0,2.3333333333333335,4.0,2.3333333333333335,3.0
15976,13-1199.05,Sustainability Specialists,Develop reports or presentations to communicate the effectiveness of sustainability initiatives.,Core,3.0,3.0,3.96,100.0,,,['Documenting/Recording Information'],['4.A.3.b.6'],Khác,5,2.4,1.8,3.4,2.0,3.4,1.8,3.2,3.0,3.2,2.6,40.0,20.0,0.0,0.0,0.0,40.0,20.0,40.0,40.0,40.0,20.0,0.0,20.0,4,3.5,1.75,2.0,2.5,2.75,2.25
15975,13-1199.05,Sustainability Specialists,Create or maintain plans or other documents related to sustainability projects.,Core,4.0,4.0,3.96,100.0,,,"['Thinking Creatively', 'Documenting/Recording Information']","['4.A.2.b.2', '4.A.3.b.6']",Khác,6,3.1666666666666665,2.5,4.5,2.8333333333333335,3.8333333333333335,1.8333333333333333,3.1666666666666665,3.6666666666666665,3.8333333333333335,2.5,50.0,50.0,50.0,16.666666666666664,16.666666666666664,50.0,0.0,16.666666666666664,16.666666666666664,16.666666666666664,16.666666666666664,0.0,16.666666666666664,2,4.5,1.0,3.5,4.0,2.0,2.0
15978,13-1199.05,Sustainability Specialists,Collect information about waste stream management or green building practices to inform decision makers.,Core,4.0,4.0,3.95,100.0,,,['Getting Information'],['4.A.1.a.1'],Khác,5,2.6,1.8,3.2,2.0,3.4,2.8,2.8,2.8,3.2,2.0,40.0,40.0,20.0,0.0,0.0,20.0,20.0,0.0,0.0,0.0,20.0,0.0,0.0,2,2.5,1.5,2.0,3.0,2.5,3.5
15969,13-1199.05,Sustainability Specialists,"Research or review regulatory, technical, or market issues related to sustainability.",Core,3.0,3.0,3.74,100.0,,,['Getting Information'],['4.A.1.a.1'],Khác,6,2.8333333333333335,3.0,3.5,2.5,3.6666666666666665,1.3333333333333333,2.6666666666666665,3.6666666666666665,3.8333333333333335,2.6666666666666665,16.666666666666664,33.33333333333333,16.666666666666664,16.666666666666664,16.666666666666664,33.33333333333333,0.0,16.666666666666664,50.0,33.33333333333333,50.0,33.33333333333333,33.33333333333333,2,4.0,1.5,2.0,4.0,1.0,2.5
3528,17-1022.00,Surveyors,"Prepare and maintain sketches, maps, reports, and legal descriptions of surveys to describe, certify, and assume liability for work performed.",Core,5.0,5.0,4.67,94.74,76730.0,53080.0,['Thinking Creatively'],['4.A.2.b.2'],Khác,0,,,,,,,,,,,0.0,0.0,0.0,0.0,0.0,0.0,0.0,0.0,0.0,0.0,0.0,0.0,0.0,0,,,,,,
3534,17-1022.00,Surveyors,"Write descriptions of property boundary surveys for use in deeds, leases, or other legal documents.",Core,4.0,4.0,4.63,95.0,76730.0,53080.0,['Documenting/Recording Information'],['4.A.3.b.6'],Khác,0,,,,,,,,,,,0.0,0.0,0.0,0.0,0.0,0.0,0.0,0.0,0.0,0.0,0.0,0.0,0.0,0,,,,,,
3536,17-1022.00,Surveyors,"Search legal records, survey records, and land titles to obtain information about property boundaries in areas to be surveyed.",Core,5.0,5.0,4.53,95.0,76730.0,53080.0,['Getting Information'],['4.A.1.a.1'],Khác,0,,,,,,,,,,,0.0,0.0,0.0,0.0,0.0,0.0,0.0,0.0,0.0,0.0,0.0,0.0,0.0,0,,,,,,
3531,17-1022.00,Surveyors,"Record the results of surveys, including the shape, contour, location, elevation, and dimensions of land or land features.",Core,5.0,5.0,4.5,100.0,76730.0,53080.0,"['Estimating the Quantifiable Characteristics of Products, Events, or Information']",['4.A.1.b.3'],Khác,0,,,,,,,,,,,0.0,0.0,0.0,0.0,0.0,0.0,0.0,0.0,0.0,0.0,0.0,0.0,0.0,0,,,,,,
3533,17-1022.00,Surveyors,"Prepare, or supervise preparation of, all data, charts, plots, maps, records, and documents related to surveys.",Core,5.0,5.0,4.47,100.0,76730.0,53080.0,['Documenting/Recording Information'],['4.A.3.b.6'],Khác,0,,,,,,,,,,,0.0,0.0,0.0,0.0,0.0,0.0,0.0,0.0,0.0,0.0,0.0,0.0,0.0,0,,,,,,
3543,17-1022.00,Surveyors,"Compute geodetic measurements and interpret survey data to determine positions, shapes, and elevations of geomorphic and topographic features.",Core,5.0,5.0,4.35,100.0,76730.0,53080.0,"['Estimating the Quantifiable Characteristics of Products, Events, or Information']",['4.A.1.b.3'],Khác,0,,,,,,,,,,,0.0,0.0,0.0,0.0,0.0,0.0,0.0,0.0,0.0,0.0,0.0,0.0,0.0,0,,,,,,
3532,17-1022.00,Surveyors,"Calculate heights, depths, relative positions, property lines, and other characteristics of terrain.",Core,5.0,5.0,4.35,100.0,76730.0,53080.0,"['Estimating the Quantifiable Characteristics of Products, Events, or Information']",['4.A.1.b.3'],Khác,0,,,,,,,,,,,0.0,0.0,0.0,0.0,0.0,0.0,0.0,0.0,0.0,0.0,0.0,0.0,0.0,0,,,,,,
3537,17-1022.00,Surveyors,"Coordinate findings with the work of engineering and architectural personnel, clients, and others concerned with projects.",Core,4.0,4.0,4.05,95.0,76730.0,53080.0,"['Communicating with Supervisors, Peers, or Subordinates']",['4.A.4.a.2'],Khác,0,,,,,,,,,,,0.0,0.0,0.0,0.0,0.0,0.0,0.0,0.0,0.0,0.0,0.0,0.0,0.0,0,,,,,,
3542,17-1022.00,Surveyors,Analyze survey objectives and specifications to prepare survey proposals or to direct others in survey proposal preparation.,Core,5.0,5.0,4.0,100.0,76730.0,53080.0,['Analyzing Data or Information'],['4.A.2.a.4'],Khác,0,,,,,,,,,,,0.0,0.0,0.0,0.0,0.0,0.0,0.0,0.0,0.0,0.0,0.0,0.0,0.0,0,,,,,,
21951,17-3012.00,Electrical and Electronics Drafters,"Draft detail and assembly drawings of design components, circuitry or printed circuit boards, using computer-assisted equipment or standard drafting techniques and devices.",Core,7.0,7.0,4.44,90.46,77960.0,20020.0,['Thinking Creatively'],['4.A.2.b.2'],Khác,0,,,,,,,,,,,0.0,0.0,0.0,0.0,0.0,0.0,0.0,0.0,0.0,0.0,0.0,0.0,0.0,0,,,,,,
21945,17-3012.00,Electrical and Electronics Drafters,"Draft working drawings, wiring diagrams, wiring connection specifications, or cross-sections of underground cables, as required for instructions to installation crew.",Core,5.0,5.0,4.39,98.98,77960.0,20020.0,['Thinking Creatively'],['4.A.2.b.2'],Khác,0,,,,,,,,,,,0.0,0.0,0.0,0.0,0.0,0.0,0.0,0.0,0.0,0.0,0.0,0.0,0.0,0,,,,,,
21946,17-3012.00,Electrical and Electronics Drafters,Assemble documentation packages and produce drawing sets to be checked by an engineer or an architect.,Core,5.0,5.0,4.34,97.73,77960.0,20020.0,"['Thinking Creatively', 'Documenting/Recording Information']","['4.A.2.b.2', '4.A.3.b.6']",Khác,0,,,,,,,,,,,0.0,0.0,0.0,0.0,0.0,0.0,0.0,0.0,0.0,0.0,0.0,0.0,0.0,0,,,,,,
21948,17-3012.00,Electrical and Electronics Drafters,Review completed construction drawings and cost estimates for accuracy and conformity to standards and regulations.,Core,5.0,5.0,4.26,82.02,77960.0,20020.0,['Analyzing Data or Information'],['4.A.2.a.4'],Khác,0,,,,,,,,,,,0.0,0.0,0.0,0.0,0.0,0.0,0.0,0.0,0.0,0.0,0.0,0.0,0.0,0,,,,,,
21954,17-3012.00,Electrical and Electronics Drafters,"Design electrical systems, such as lighting systems.",Core,3.0,3.0,4.01,77.68,77960.0,20020.0,['Thinking Creatively'],['4.A.2.b.2'],Khác,0,,,,,,,,,,,0.0,0.0,0.0,0.0,0.0,0.0,0.0,0.0,0.0,0.0,0.0,0.0,0.0,0,,,,,,
21955,17-3012.00,Electrical and Electronics Drafters,Draw master sketches to scale showing relation of proposed installations to existing facilities and exact specifications and dimensions.,Core,4.0,4.0,4.0,87.91,77960.0,20020.0,['Thinking Creatively'],['4.A.2.b.2'],Khác,0,,,,,,,,,,,0.0,0.0,0.0,0.0,0.0,0.0,0.0,0.0,0.0,0.0,0.0,0.0,0.0,0,,,,,,
21953,17-3012.00,Electrical and Electronics Drafters,"Locate files relating to specified design project in database library, load program into computer, and record completed job data.",Core,5.0,5.0,3.9,81.44,77960.0,20020.0,['Working with Computers'],['4.A.3.b.1'],Khác,0,,,,,,,,,,,0.0,0.0,0.0,0.0,0.0,0.0,0.0,0.0,0.0,0.0,0.0,0.0,0.0,0,,,,,,
21949,17-3012.00,Electrical and Electronics Drafters,"Examine electronic schematics and supporting documents to develop, compute, and verify specifications for drafting data, such as configuration of parts, dimensions, or tolerances.",Core,5.0,5.0,3.85,82.5,77960.0,20020.0,['Getting Information'],['4.A.1.a.1'],Khác,0,,,,,,,,,,,0.0,0.0,0.0,0.0,0.0,0.0,0.0,0.0,0.0,0.0,0.0,0.0,0.0,0,,,,,,
21963,17-3012.00,Electrical and Electronics Drafters,"Compare logic element configuration on display screen with engineering schematics and calculate figures to convert, redesign, or modify element.",Core,5.0,5.0,3.83,79.54,77960.0,20020.0,['Processing Information'],['4.A.2.a.2'],Khác,0,,,,,,,,,,,0.0,0.0,0.0,0.0,0.0,0.0,0.0,0.0,0.0,0.0,0.0,0.0,0.0,0,,,,,,
21956,17-3012.00,Electrical and Electronics Drafters,"Study work order requests to determine type of service, such as lighting or power, demanded by installation.",Core,5.0,5.0,3.8,68.37,77960.0,20020.0,['Getting Information'],['4.A.1.a.1'],Khác,0,,,,,,,,,,,0.0,0.0,0.0,0.0,0.0,0.0,0.0,0.0,0.0,0.0,0.0,0.0,0.0,0,,,,,,
21960,17-3012.00,Electrical and Electronics Drafters,Generate computer tapes of final layout design to produce layered photo masks or photo plotting design onto film.,Supplemental,5.0,5.0,3.8,30.88,77960.0,20020.0,['Working with Computers'],['4.A.3.b.1'],Khác,0,,,,,,,,,,,0.0,0.0,0.0,0.0,0.0,0.0,0.0,0.0,0.0,0.0,0.0,0.0,0.0,0,,,,,,
21964,17-3012.00,Electrical and Electronics Drafters,"Determine the order of work and the method of presentation, such as orthographic or isometric drawing.",Supplemental,5.0,5.0,3.79,61.47,77960.0,20020.0,"['Organizing, Planning, and Prioritizing Work']",['4.A.2.b.6'],Khác,0,,,,,,,,,,,0.0,0.0,0.0,0.0,0.0,0.0,0.0,0.0,0.0,0.0,0.0,0.0,0.0,0,,,,,,
21961,17-3012.00,Electrical and Electronics Drafters,Key and program specified commands and engineering specifications into computer system to change functions and test final layout.,Supplemental,5.0,5.0,3.6,50.79,77960.0,20020.0,['Working with Computers'],['4.A.3.b.1'],Khác,0,,,,,,,,,,,0.0,0.0,0.0,0.0,0.0,0.0,0.0,0.0,0.0,0.0,0.0,0.0,0.0,0,,,,,,
21968,17-3012.00,Electrical and Electronics Drafters,Plot electrical test points on layout sheets and draw schematics for wiring test fixture heads to frames.,Supplemental,3.0,3.0,2.96,32.45,77960.0,20020.0,['Thinking Creatively'],['4.A.2.b.2'],Khác,0,,,,,,,,,,,0.0,0.0,0.0,0.0,0.0,0.0,0.0,0.0,0.0,0.0,0.0,0.0,0.0,0,,,,,,
1447,17-3013.00,Mechanical Drafters,"Develop detailed design drawings and specifications for mechanical equipment, dies, tools, and controls, using computer-assisted drafting (CAD) equipment.",Core,7.0,7.0,4.65,99.4,74040.0,39900.0,['Thinking Creatively'],['4.A.2.b.2'],Khác,0,,,,,,,,,,,0.0,0.0,0.0,0.0,0.0,0.0,0.0,0.0,0.0,0.0,0.0,0.0,0.0,0,,,,,,
20964,17-3013.00,Mechanical Drafters,"Produce three-dimensional models, using computer-aided design (CAD) software.",Core,7.0,7.0,4.43,95.77,74040.0,39900.0,['Thinking Creatively'],['4.A.2.b.2'],Khác,0,,,,,,,,,,,0.0,0.0,0.0,0.0,0.0,0.0,0.0,0.0,0.0,0.0,0.0,0.0,0.0,0,,,,,,
1455,17-3013.00,Mechanical Drafters,"Lay out and draw schematic, orthographic, or angle views to depict functional relationships of components, assemblies, systems, and machines.",Core,5.0,5.0,4.33,96.88,74040.0,39900.0,['Thinking Creatively'],['4.A.2.b.2'],Khác,0,,,,,,,,,,,0.0,0.0,0.0,0.0,0.0,0.0,0.0,0.0,0.0,0.0,0.0,0.0,0.0,0,,,,,,
1452,17-3013.00,Mechanical Drafters,Modify and revise designs to correct operating deficiencies or to reduce production problems.,Core,5.0,5.0,4.22,98.44,74040.0,39900.0,['Thinking Creatively'],['4.A.2.b.2'],Khác,0,,,,,,,,,,,0.0,0.0,0.0,0.0,0.0,0.0,0.0,0.0,0.0,0.0,0.0,0.0,0.0,0,,,,,,
1449,17-3013.00,Mechanical Drafters,"Review and analyze specifications, sketches, drawings, ideas, and related data to assess factors affecting component designs and the procedures and instructions to be followed.",Core,5.0,5.0,4.21,95.89,74040.0,39900.0,['Analyzing Data or Information'],['4.A.2.a.4'],Khác,0,,,,,,,,,,,0.0,0.0,0.0,0.0,0.0,0.0,0.0,0.0,0.0,0.0,0.0,0.0,0.0,0,,,,,,
1454,17-3013.00,Mechanical Drafters,Check dimensions of materials to be used and assign numbers to the materials.,Core,5.0,5.0,4.19,97.82,74040.0,39900.0,['Processing Information'],['4.A.2.a.2'],Khác,0,,,,,,,,,,,0.0,0.0,0.0,0.0,0.0,0.0,0.0,0.0,0.0,0.0,0.0,0.0,0.0,0,,,,,,
1453,17-3013.00,Mechanical Drafters,"Design scale or full-size blueprints of specialty items, such as furniture and automobile body or chassis components.",Core,5.0,5.0,3.98,73.53,74040.0,39900.0,['Thinking Creatively'],['4.A.2.b.2'],Khác,0,,,,,,,,,,,0.0,0.0,0.0,0.0,0.0,0.0,0.0,0.0,0.0,0.0,0.0,0.0,0.0,0,,,,,,
1450,17-3013.00,Mechanical Drafters,"Compute mathematical formulas to develop and design detailed specifications for components or machinery, using computer-assisted equipment.",Core,5.0,5.0,3.91,90.08,74040.0,39900.0,['Analyzing Data or Information'],['4.A.2.a.4'],Khác,0,,,,,,,,,,,0.0,0.0,0.0,0.0,0.0,0.0,0.0,0.0,0.0,0.0,0.0,0.0,0.0,0,,,,,,
1451,17-3013.00,Mechanical Drafters,Position instructions and comments onto drawings.,Core,5.0,5.0,3.72,96.34,74040.0,39900.0,['Thinking Creatively'],['4.A.2.b.2'],Khác,0,,,,,,,,,,,0.0,0.0,0.0,0.0,0.0,0.0,0.0,0.0,0.0,0.0,0.0,0.0,0.0,0,,,,,,
1459,17-3013.00,Mechanical Drafters,"Lay out, draw, and reproduce illustrations for reference manuals and technical publications to describe operation and maintenance of mechanical systems.",Core,4.0,4.0,3.46,81.46,74040.0,39900.0,['Thinking Creatively'],['4.A.2.b.2'],Khác,0,,,,,,,,,,,0.0,0.0,0.0,0.0,0.0,0.0,0.0,0.0,0.0,0.0,0.0,0.0,0.0,0,,,,,,
1460,17-3013.00,Mechanical Drafters,"Shade or color drawings to clarify and emphasize details and dimensions or eliminate background, using ink, crayon, airbrush, and overlays.",Supplemental,4.0,4.0,2.94,35.57,74040.0,39900.0,['Thinking Creatively'],['4.A.2.b.2'],Khác,0,,,,,,,,,,,0.0,0.0,0.0,0.0,0.0,0.0,0.0,0.0,0.0,0.0,0.0,0.0,0.0,0,,,,,,
16620,17-3029.01,Non-Destructive Testing Specialists,"Interpret or evaluate test results in accordance with applicable codes, standards, specifications, or procedures.",Core,7.0,7.0,4.77,100.0,,,['Analyzing Data or Information'],['4.A.2.a.4'],Khác,0,,,,,,,,,,,0.0,0.0,0.0,0.0,0.0,0.0,0.0,0.0,0.0,0.0,0.0,0.0,0.0,0,,,,,,
16625,17-3029.01,Non-Destructive Testing Specialists,Prepare reports on non-destructive testing results.,Core,5.0,5.0,4.73,100.0,,,['Documenting/Recording Information'],['4.A.3.b.6'],Khác,0,,,,,,,,,,,0.0,0.0,0.0,0.0,0.0,0.0,0.0,0.0,0.0,0.0,0.0,0.0,0.0,0,,,,,,
16616,17-3029.01,Non-Destructive Testing Specialists,"Document non-destructive testing methods, processes, or results.",Core,6.0,6.0,4.55,100.0,,,['Documenting/Recording Information'],['4.A.3.b.6'],Khác,0,,,,,,,,,,,0.0,0.0,0.0,0.0,0.0,0.0,0.0,0.0,0.0,0.0,0.0,0.0,0.0,0,,,,,,
10903,19-2012.00,Physicists,"Perform complex calculations as part of the analysis and evaluation of data, using computers.",Core,5.0,5.0,4.32,97.54,166000.0,21340.0,['Analyzing Data or Information'],['4.A.2.a.4'],Khác,0,,,,,,,,,,,0.0,0.0,0.0,0.0,0.0,0.0,0.0,0.0,0.0,0.0,0.0,0.0,0.0,0,,,,,,
10905,19-2012.00,Physicists,Analyze data from research conducted to detect and measure physical phenomena.,Core,5.0,5.0,4.15,91.22,166000.0,21340.0,['Analyzing Data or Information'],['4.A.2.a.4'],Khác,0,,,,,,,,,,,0.0,0.0,0.0,0.0,0.0,0.0,0.0,0.0,0.0,0.0,0.0,0.0,0.0,0,,,,,,
10904,19-2012.00,Physicists,Describe and express observations and conclusions in mathematical terms.,Core,3.0,3.0,4.04,97.54,166000.0,21340.0,[],[],Khác,0,,,,,,,,,,,0.0,0.0,0.0,0.0,0.0,0.0,0.0,0.0,0.0,0.0,0.0,0.0,0.0,0,,,,,,
10907,19-2012.00,Physicists,Design computer simulations to model physical data so that it can be better understood.,Core,3.0,3.0,4.0,87.41,166000.0,21340.0,['Thinking Creatively'],['4.A.2.b.2'],Khác,0,,,,,,,,,,,0.0,0.0,0.0,0.0,0.0,0.0,0.0,0.0,0.0,0.0,0.0,0.0,0.0,0,,,,,,
1511,19-2031.00,Chemists,"Write technical papers or reports or prepare standards and specifications for processes, facilities, products, or tests.",Core,3.0,3.0,3.92,96.01,95940.0,83250.0,"['Developing Objectives and Strategies', 'Documenting/Recording Information']","['4.A.2.b.4', '4.A.3.b.6']",Khác,0,,,,,,,,,,,0.0,0.0,0.0,0.0,0.0,0.0,0.0,0.0,0.0,0.0,0.0,0.0,0.0,0,,,,,,
1507,19-2031.00,Chemists,Compile and analyze test information to determine process or equipment operating efficiency or to diagnose malfunctions.,Core,5.0,5.0,3.85,93.08,95940.0,83250.0,[],[],Khác,0,,,,,,,,,,,0.0,0.0,0.0,0.0,0.0,0.0,0.0,0.0,0.0,0.0,0.0,0.0,0.0,0,,,,,,
20389,19-2031.00,Chemists,"Purchase laboratory supplies, such as chemicals, when supplies are low or near their expiration date.",Core,3.0,3.0,3.43,83.77,95940.0,83250.0,"['Guiding, Directing, and Motivating Subordinates']",['4.A.4.b.4'],Khác,0,,,,,,,,,,,0.0,0.0,0.0,0.0,0.0,0.0,0.0,0.0,0.0,0.0,0.0,0.0,0.0,0,,,,,,
16856,19-2041.02,Environmental Restoration Planners,Develop environmental restoration project schedules and budgets.,Core,3.0,3.0,4.45,100.0,,,['Thinking Creatively'],['4.A.2.b.2'],Khác,0,,,,,,,,,,,0.0,0.0,0.0,0.0,0.0,0.0,0.0,0.0,0.0,0.0,0.0,0.0,0.0,0,,,,,,
16872,19-2041.02,Environmental Restoration Planners,Collect and analyze data to determine environmental conditions and restoration needs.,Core,3.0,3.0,4.27,100.0,,,"['Analyzing Data or Information', 'Handling and Moving Objects']","['4.A.2.a.4', '4.A.3.a.2']",Khác,0,,,,,,,,,,,0.0,0.0,0.0,0.0,0.0,0.0,0.0,0.0,0.0,0.0,0.0,0.0,0.0,0,,,,,,
16871,19-2041.02,Environmental Restoration Planners,Communicate findings of environmental studies or proposals for environmental remediation to other restoration professionals.,Core,3.0,3.0,4.14,100.0,,,"['Communicating with Supervisors, Peers, or Subordinates']",['4.A.4.a.2'],Khác,0,,,,,,,,,,,0.0,0.0,0.0,0.0,0.0,0.0,0.0,0.0,0.0,0.0,0.0,0.0,0.0,0,,,,,,
19972,19-2041.03,Industrial Ecologists,"Identify environmental impacts caused by products, systems, or projects.",Core,3.0,3.0,4.41,100.0,,,['Getting Information'],['4.A.1.a.1'],Khác,0,,,,,,,,,,,0.0,0.0,0.0,0.0,0.0,0.0,0.0,0.0,0.0,0.0,0.0,0.0,0.0,0,,,,,,
16888,19-2041.03,Industrial Ecologists,Identify or develop strategies or methods to minimize the environmental impact of industrial production processes.,Core,3.0,3.0,4.39,100.0,,,"['Identifying Objects, Actions, and Events', 'Thinking Creatively']","['4.A.1.b.1', '4.A.2.b.2']",Khác,0,,,,,,,,,,,0.0,0.0,0.0,0.0,0.0,0.0,0.0,0.0,0.0,0.0,0.0,0.0,0.0,0,,,,,,
19965,19-2041.03,Industrial Ecologists,Analyze changes designed to improve the environmental performance of complex systems and avoid unintended negative consequences.,Core,4.0,4.0,4.36,100.0,,,['Getting Information'],['4.A.1.a.1'],Khác,0,,,,,,,,,,,0.0,0.0,0.0,0.0,0.0,0.0,0.0,0.0,0.0,0.0,0.0,0.0,0.0,0,,,,,,
19974,19-2041.03,Industrial Ecologists,Identify sustainable alternatives to industrial or waste-management practices.,Core,3.0,3.0,4.23,100.0,,,"['Identifying Objects, Actions, and Events']",['4.A.1.b.1'],Khác,0,,,,,,,,,,,0.0,0.0,0.0,0.0,0.0,0.0,0.0,0.0,0.0,0.0,0.0,0.0,0.0,0,,,,,,
19982,19-2041.03,Industrial Ecologists,"Review research literature to maintain knowledge on topics related to industrial ecology, such as physical science, technology, economy, and public policy.",Core,4.0,4.0,4.17,100.0,,,['Updating and Using Relevant Knowledge'],['4.A.2.b.3'],Khác,0,,,,,,,,,,,0.0,0.0,0.0,0.0,0.0,0.0,0.0,0.0,0.0,0.0,0.0,0.0,0.0,0,,,,,,
19963,19-2041.03,Industrial Ecologists,Recommend methods to protect the environment or minimize environmental damage from industrial production practices.,Core,3.0,3.0,3.77,95.65,,,['Providing Consultation and Advice to Others'],['4.A.4.b.6'],Khác,0,,,,,,,,,,,0.0,0.0,0.0,0.0,0.0,0.0,0.0,0.0,0.0,0.0,0.0,0.0,0.0,0,,,,,,
19976,19-2041.03,Industrial Ecologists,Perform environmentally extended input-output (EE I-O) analyses.,Core,3.0,3.0,3.23,95.65,,,['Analyzing Data or Information'],['4.A.2.a.4'],Khác,0,,,,,,,,,,,0.0,0.0,0.0,0.0,0.0,0.0,0.0,0.0,0.0,0.0,0.0,0.0,0.0,0,,,,,,
7536,19-3011.00,Economists,"Study economic and statistical data in area of specialization, such as finance, labor, or agriculture.",Core,5.0,5.0,4.61,100.0,130910.0,15880.0,['Updating and Using Relevant Knowledge'],['4.A.2.b.3'],Khác,0,,,,,,,,,,,0.0,0.0,0.0,0.0,0.0,0.0,0.0,0.0,0.0,0.0,0.0,0.0,0.0,0,,,,,,
7538,19-3011.00,Economists,"Compile, analyze, and report data to explain economic phenomena and forecast market trends, applying mathematical models and statistical techniques.",Core,3.0,3.0,4.25,100.0,130910.0,15880.0,['Analyzing Data or Information'],['4.A.2.a.4'],Khác,0,,,,,,,,,,,0.0,0.0,0.0,0.0,0.0,0.0,0.0,0.0,0.0,0.0,0.0,0.0,0.0,0,,,,,,
16915,19-3011.01,Environmental Economists,"Conduct research on economic and environmental topics, such as alternative fuel use, public and private land use, soil conservation, air and water pollution control, and endangered species protection.",Core,4.0,4.0,4.41,100.0,,,['Getting Information'],['4.A.1.a.1'],Khác,0,,,,,,,,,,,0.0,0.0,0.0,0.0,0.0,0.0,0.0,0.0,0.0,0.0,0.0,0.0,0.0,0,,,,,,
16910,19-3011.01,Environmental Economists,Collect and analyze data to compare the environmental implications of economic policy or practice alternatives.,Core,3.0,3.0,4.22,100.0,,,"['Analyzing Data or Information', 'Handling and Moving Objects']","['4.A.2.a.4', '4.A.3.a.2']",Khác,0,,,,,,,,,,,0.0,0.0,0.0,0.0,0.0,0.0,0.0,0.0,0.0,0.0,0.0,0.0,0.0,0,,,,,,
21177,19-3011.01,Environmental Economists,Teach courses in environmental economics.,Core,4.0,4.0,3.5,96.3,,,['Training and Teaching Others'],['4.A.4.b.3'],Khác,0,,,,,,,,,,,0.0,0.0,0.0,0.0,0.0,0.0,0.0,0.0,0.0,0.0,0.0,0.0,0.0,0,,,,,,
7548,19-3022.00,Survey Researchers,"Review, classify, and record survey data in preparation for computer analysis.",Core,4.0,4.0,4.78,95.83,73470.0,7720.0,"['Getting Information', 'Documenting/Recording Information']","['4.A.1.a.1', '4.A.3.b.6']",Khác,0,,,,,,,,,,,0.0,0.0,0.0,0.0,0.0,0.0,0.0,0.0,0.0,0.0,0.0,0.0,0.0,0,,,,,,
7553,19-3022.00,Survey Researchers,"Monitor and evaluate survey progress and performance, using sample disposition reports and response rate calculations.",Core,5.0,5.0,4.65,95.83,73470.0,7720.0,[],[],Khác,0,,,,,,,,,,,0.0,0.0,0.0,0.0,0.0,0.0,0.0,0.0,0.0,0.0,0.0,0.0,0.0,0,,,,,,
7554,19-3022.00,Survey Researchers,"Produce documentation of the questionnaire development process, data collection methods, sampling designs, and decisions related to sample statistical weighting.",Core,3.0,3.0,4.65,95.83,73470.0,7720.0,['Documenting/Recording Information'],['4.A.3.b.6'],Khác,0,,,,,,,,,,,0.0,0.0,0.0,0.0,0.0,0.0,0.0,0.0,0.0,0.0,0.0,0.0,0.0,0,,,,,,
7555,19-3022.00,Survey Researchers,"Determine and specify details of survey projects, including sources of information, procedures to be used, and the design of survey instruments and materials.",Core,4.0,4.0,4.61,95.83,73470.0,7720.0,['Thinking Creatively'],['4.A.2.b.2'],Khác,0,,,,,,,,,,,0.0,0.0,0.0,0.0,0.0,0.0,0.0,0.0,0.0,0.0,0.0,0.0,0.0,0,,,,,,
7556,19-3022.00,Survey Researchers,"Support, plan, and coordinate operations for single or multiple surveys.",Core,4.0,4.0,4.52,95.83,73470.0,7720.0,"['Thinking Creatively', 'Guiding, Directing, and Motivating Subordinates']","['4.A.2.b.2', '4.A.4.b.4']",Khác,0,,,,,,,,,,,0.0,0.0,0.0,0.0,0.0,0.0,0.0,0.0,0.0,0.0,0.0,0.0,0.0,0,,,,,,
7549,19-3022.00,Survey Researchers,Conduct research to gather information about survey topics.,Core,3.0,3.0,4.46,100.0,73470.0,7720.0,['Getting Information'],['4.A.1.a.1'],Khác,0,,,,,,,,,,,0.0,0.0,0.0,0.0,0.0,0.0,0.0,0.0,0.0,0.0,0.0,0.0,0.0,0,,,,,,
7547,19-3022.00,Survey Researchers,"Analyze data from surveys, old records, or case studies, using statistical software.",Core,3.0,3.0,4.21,100.0,73470.0,7720.0,['Getting Information'],['4.A.1.a.1'],Khác,0,,,,,,,,,,,0.0,0.0,0.0,0.0,0.0,0.0,0.0,0.0,0.0,0.0,0.0,0.0,0.0,0,,,,,,
7557,19-3022.00,Survey Researchers,Direct updates and changes in survey implementation and methods.,Core,3.0,3.0,4.09,95.83,73470.0,7720.0,['Thinking Creatively'],['4.A.2.b.2'],Khác,0,,,,,,,,,,,0.0,0.0,0.0,0.0,0.0,0.0,0.0,0.0,0.0,0.0,0.0,0.0,0.0,0,,,,,,
7559,19-3022.00,Survey Researchers,Write training manuals to be used by survey interviewers.,Core,3.0,3.0,4.05,95.83,73470.0,7720.0,[],[],Khác,0,,,,,,,,,,,0.0,0.0,0.0,0.0,0.0,0.0,0.0,0.0,0.0,0.0,0.0,0.0,0.0,0,,,,,,
21107,19-3022.00,Survey Researchers,Write proposals to win new projects.,Core,3.0,3.0,3.95,91.67,73470.0,7720.0,['Documenting/Recording Information'],['4.A.3.b.6'],Khác,0,,,,,,,,,,,0.0,0.0,0.0,0.0,0.0,0.0,0.0,0.0,0.0,0.0,0.0,0.0,0.0,0,,,,,,
5465,19-3041.00,Sociologists,Analyze and interpret data to increase the understanding of human social behavior.,Core,5.0,5.0,4.74,100.0,111670.0,2950.0,"['Getting Information', 'Analyzing Data or Information']","['4.A.1.a.1', '4.A.2.a.4']",Khác,0,,,,,,,,,,,0.0,0.0,0.0,0.0,0.0,0.0,0.0,0.0,0.0,0.0,0.0,0.0,0.0,0,,,,,,
220,19-3051.00,Urban and Regional Planners,"Design, promote, or administer government plans or policies affecting land use, zoning, public utilities, community facilities, housing, or transportation.",Core,5.0,5.0,4.68,100.0,89730.0,43040.0,"['Thinking Creatively', 'Interpreting the Meaning of Information for Others']","['4.A.2.b.2', '4.A.4.a.1']",Khác,0,,,,,,,,,,,0.0,0.0,0.0,0.0,0.0,0.0,0.0,0.0,0.0,0.0,0.0,0.0,0.0,0,,,,,,
225,19-3051.00,Urban and Regional Planners,"Create, prepare, or requisition graphic or narrative reports on land use data, including land area maps overlaid with geographic variables, such as population density.",Core,3.0,3.0,4.56,100.0,89730.0,43040.0,['Documenting/Recording Information'],['4.A.3.b.6'],Khác,0,,,,,,,,,,,0.0,0.0,0.0,0.0,0.0,0.0,0.0,0.0,0.0,0.0,0.0,0.0,0.0,0,,,,,,
19777,19-3051.00,Urban and Regional Planners,Evaluate proposals for infrastructure projects or other development for environmental impact or sustainability.,Core,3.0,3.0,4.28,100.0,89730.0,43040.0,['Evaluating Information to Determine Compliance with Standards'],['4.A.2.a.3'],Khác,0,,,,,,,,,,,0.0,0.0,0.0,0.0,0.0,0.0,0.0,0.0,0.0,0.0,0.0,0.0,0.0,0,,,,,,
229,19-3051.00,Urban and Regional Planners,"Keep informed about economic or legal issues involved in zoning codes, building codes, or environmental regulations.",Core,3.0,3.0,4.16,100.0,89730.0,43040.0,['Updating and Using Relevant Knowledge'],['4.A.2.b.3'],Khác,0,,,,,,,,,,,0.0,0.0,0.0,0.0,0.0,0.0,0.0,0.0,0.0,0.0,0.0,0.0,0.0,0,,,,,,
20524,19-3051.00,Urban and Regional Planners,Assess the feasibility of land use proposals and identify necessary changes.,Core,4.0,4.0,4.08,100.0,89730.0,43040.0,['Evaluating Information to Determine Compliance with Standards'],['4.A.2.a.3'],Khác,0,,,,,,,,,,,0.0,0.0,0.0,0.0,0.0,0.0,0.0,0.0,0.0,0.0,0.0,0.0,0.0,0,,,,,,
20523,19-3051.00,Urban and Regional Planners,Determine the effects of regulatory limitations on land use projects.,Core,3.0,3.0,3.92,100.0,89730.0,43040.0,['Analyzing Data or Information'],['4.A.2.a.4'],Khác,0,,,,,,,,,,,0.0,0.0,0.0,0.0,0.0,0.0,0.0,0.0,0.0,0.0,0.0,0.0,0.0,0,,,,,,
232,19-3051.00,Urban and Regional Planners,Review and evaluate environmental impact reports pertaining to private or public planning projects or programs.,Core,3.0,3.0,3.88,96.0,89730.0,43040.0,['Evaluating Information to Determine Compliance with Standards'],['4.A.2.a.3'],Khác,0,,,,,,,,,,,0.0,0.0,0.0,0.0,0.0,0.0,0.0,0.0,0.0,0.0,0.0,0.0,0.0,0,,,,,,
20525,19-3051.00,Urban and Regional Planners,Investigate property availability for purposes of development.,Core,3.0,3.0,3.32,100.0,89730.0,43040.0,['Getting Information'],['4.A.1.a.1'],Khác,0,,,,,,,,,,,0.0,0.0,0.0,0.0,0.0,0.0,0.0,0.0,0.0,0.0,0.0,0.0,0.0,0,,,,,,
5503,19-3092.00,Geographers,"Create and modify maps, graphs, or diagrams, using geographical information software and related equipment, and principles of cartography, such as coordinate systems, longitude, latitude, elevation, topography, and map scales.",Core,4.0,4.0,4.37,95.0,98160.0,1380.0,['Thinking Creatively'],['4.A.2.b.2'],Khác,5,2.8,2.4,3.4,3.0,3.2,2.6,2.4,2.0,2.8,3.0,80.0,20.0,40.0,20.0,20.0,60.0,20.0,40.0,40.0,0.0,40.0,60.0,20.0,3,4.0,2.0,3.3333333333333335,4.333333333333333,2.0,2.6666666666666665
5511,19-3092.00,Geographers,"Study the economic, political, and cultural characteristics of a specific region's population.",Core,3.0,3.0,3.84,95.0,98160.0,1380.0,['Getting Information'],['4.A.1.a.1'],Khác,3,2.6666666666666665,2.6666666666666665,2.6666666666666665,3.0,3.0,2.3333333333333335,3.0,3.3333333333333335,3.3333333333333335,3.0,33.33333333333333,0.0,33.33333333333333,0.0,0.0,33.33333333333333,33.33333333333333,33.33333333333333,33.33333333333333,0.0,33.33333333333333,33.33333333333333,66.66666666666666,2,3.5,2.0,3.0,4.5,2.5,3.0
5505,19-3092.00,Geographers,"Develop, operate, and maintain geographical information computer systems, including hardware, software, plotters, digitizers, printers, and video cameras.",Core,5.0,5.0,3.81,80.0,98160.0,1380.0,['Thinking Creatively'],['4.A.2.b.2'],Khác,5,3.2,3.2,3.2,3.0,3.2,3.2,2.4,3.0,4.2,3.0,40.0,20.0,20.0,0.0,20.0,40.0,20.0,40.0,0.0,0.0,20.0,20.0,20.0,3,2.6666666666666665,3.3333333333333335,3.3333333333333335,3.6666666666666665,2.3333333333333335,3.6666666666666665
5506,19-3092.00,Geographers,Locate and obtain existing geographic information databases.,Core,3.0,3.0,3.79,95.0,98160.0,1380.0,['Getting Information'],['4.A.1.a.1'],Khác,4,2.5,2.5,3.25,3.5,3.5,2.5,3.25,2.75,3.0,2.5,0.0,0.0,50.0,0.0,25.0,25.0,0.0,0.0,0.0,25.0,25.0,0.0,25.0,2,3.0,2.0,3.5,4.0,2.0,3.0
3729,19-3093.00,Historians,"Research and prepare manuscripts in support of public programming and the development of exhibits at historic sites, museums, libraries, and archives.",Core,3.0,3.0,3.95,83.04,78470.0,3140.0,"['Getting Information', 'Documenting/Recording Information']","['4.A.1.a.1', '4.A.3.b.6']",Khác,0,,,,,,,,,,,0.0,0.0,0.0,0.0,0.0,0.0,0.0,0.0,0.0,0.0,0.0,0.0,0.0,0,,,,,,
3722,19-3093.00,Historians,"Conduct historical research, and publish or present findings and theories.",Core,4.0,4.0,3.84,98.19,78470.0,3140.0,['Getting Information'],['4.A.1.a.1'],Khác,0,,,,,,,,,,,0.0,0.0,0.0,0.0,0.0,0.0,0.0,0.0,0.0,0.0,0.0,0.0,0.0,0,,,,,,
16943,19-3099.01,Transportation Planners,Prepare reports or recommendations on transportation planning.,Core,3.0,3.0,4.22,100.0,,,['Documenting/Recording Information'],['4.A.3.b.6'],Khác,7,3.142857142857143,2.4285714285714284,3.142857142857143,2.2857142857142856,3.142857142857143,1.0,3.142857142857143,3.0,3.142857142857143,2.857142857142857,71.42857142857143,42.857142857142854,28.57142857142857,0.0,0.0,57.14285714285714,0.0,57.14285714285714,42.857142857142854,28.57142857142857,42.857142857142854,57.14285714285714,0.0,3,3.0,2.0,4.0,4.333333333333333,3.6666666666666665,3.3333333333333335
16952,19-3099.01,Transportation Planners,"Recommend transportation system improvements or projects, based on economic, population, land-use, or traffic projections.",Core,3.0,3.0,4.15,100.0,,,['Providing Consultation and Advice to Others'],['4.A.4.b.6'],Khác,7,3.2857142857142856,1.5714285714285714,2.857142857142857,2.0,2.5714285714285716,2.2857142857142856,2.7142857142857144,3.2857142857142856,3.4285714285714284,3.142857142857143,57.14285714285714,14.285714285714285,57.14285714285714,14.285714285714285,14.285714285714285,42.857142857142854,28.57142857142857,42.857142857142854,57.14285714285714,42.857142857142854,28.57142857142857,42.857142857142854,14.285714285714285,2,2.0,2.5,4.5,4.0,4.5,4.0
20976,19-3099.01,Transportation Planners,"Interpret data from traffic modeling software, geographic information systems, or associated databases.",Core,4.0,4.0,4.05,100.0,,,['Analyzing Data or Information'],['4.A.2.a.4'],Khác,7,3.857142857142857,1.1428571428571428,2.142857142857143,2.0,2.142857142857143,1.8571428571428572,2.5714285714285716,3.5714285714285716,3.7142857142857144,2.5714285714285716,57.14285714285714,71.42857142857143,28.57142857142857,14.285714285714285,14.285714285714285,28.57142857142857,14.285714285714285,42.857142857142854,57.14285714285714,14.285714285714285,57.14285714285714,57.14285714285714,14.285714285714285,3,2.3333333333333335,3.0,3.6666666666666665,4.0,3.3333333333333335,3.3333333333333335
20979,19-3099.01,Transportation Planners,Prepare necessary documents to obtain planned project approvals or permits.,Core,3.0,3.0,3.78,90.0,,,['Documenting/Recording Information'],['4.A.3.b.6'],Khác,0,,,,,,,,,,,0.0,0.0,0.0,0.0,0.0,0.0,0.0,0.0,0.0,0.0,0.0,0.0,0.0,0,,,,,,
12963,19-4061.00,Social Science Research Assistants,Design and create special programs for tasks such as statistical analysis and data entry and cleaning.,Core,3.0,3.0,4.46,70.84,63560.0,32940.0,['Thinking Creatively'],['4.A.2.b.2'],Khác,7,3.7142857142857144,2.0,2.7142857142857144,2.0,2.142857142857143,2.2857142857142856,3.142857142857143,2.857142857142857,3.857142857142857,3.142857142857143,85.71428571428571,28.57142857142857,28.57142857142857,42.857142857142854,42.857142857142854,57.14285714285714,28.57142857142857,57.14285714285714,42.857142857142854,14.285714285714285,42.857142857142854,28.57142857142857,14.285714285714285,3,4.0,1.6666666666666667,2.3333333333333335,4.0,2.3333333333333335,2.3333333333333335
12955,19-4061.00,Social Science Research Assistants,"Perform descriptive and multivariate statistical analyses of data, using computer software.",Core,4.0,4.0,4.1,68.27,63560.0,32940.0,['Getting Information'],['4.A.1.a.1'],Khác,5,4.0,2.2,3.0,1.8,3.2,1.4,1.6,2.0,2.8,2.8,80.0,80.0,60.0,20.0,20.0,60.0,0.0,20.0,40.0,20.0,60.0,40.0,20.0,3,4.0,1.6666666666666667,2.6666666666666665,4.333333333333333,2.0,2.3333333333333335
12956,19-4061.00,Social Science Research Assistants,"Verify the accuracy and validity of data entered in databases, correcting any errors.",Core,3.0,3.0,4.04,95.64,63560.0,32940.0,[],[],Khác,3,4.0,1.3333333333333333,2.3333333333333335,1.3333333333333333,1.6666666666666667,1.0,1.6666666666666667,2.0,2.6666666666666665,3.6666666666666665,100.0,100.0,66.66666666666666,66.66666666666666,66.66666666666666,0.0,0.0,0.0,66.66666666666666,0.0,66.66666666666666,0.0,0.0,3,4.0,1.3333333333333333,2.3333333333333335,3.6666666666666665,2.0,2.3333333333333335
12952,19-4061.00,Social Science Research Assistants,"Prepare, manipulate, and manage extensive databases.",Core,5.0,5.0,3.91,70.2,63560.0,32940.0,['Thinking Creatively'],['4.A.2.b.2'],Khác,0,,,,,,,,,,,0.0,0.0,0.0,0.0,0.0,0.0,0.0,0.0,0.0,0.0,0.0,0.0,0.0,0,,,,,,
12962,19-4061.00,Social Science Research Assistants,Perform data entry and other clerical work as required for project completion.,Core,5.0,5.0,3.87,90.36,63560.0,32940.0,['Documenting/Recording Information'],['4.A.3.b.6'],Khác,0,,,,,,,,,,,0.0,0.0,0.0,0.0,0.0,0.0,0.0,0.0,0.0,0.0,0.0,0.0,0.0,0,,,,,,
12960,19-4061.00,Social Science Research Assistants,Conduct internet-based and library research.,Core,5.0,5.0,3.8,78.95,63560.0,32940.0,['Getting Information'],['4.A.1.a.1'],Khác,6,3.3333333333333335,2.1666666666666665,2.6666666666666665,2.0,2.1666666666666665,1.5,1.5,2.6666666666666665,2.8333333333333335,3.6666666666666665,66.66666666666666,16.666666666666664,50.0,33.33333333333333,16.666666666666664,16.666666666666664,0.0,33.33333333333333,66.66666666666666,0.0,33.33333333333333,16.666666666666664,16.666666666666664,3,4.0,2.3333333333333335,2.3333333333333335,3.3333333333333335,2.3333333333333335,2.0
12968,19-4061.00,Social Science Research Assistants,Recruit and schedule research participants.,Supplemental,5.0,5.0,4.21,58.1,63560.0,32940.0,[],[],Khác,6,2.5,1.8333333333333333,2.5,2.1666666666666665,3.0,2.0,4.5,3.1666666666666665,3.1666666666666665,3.3333333333333335,50.0,33.33333333333333,33.33333333333333,0.0,0.0,33.33333333333333,16.666666666666664,16.666666666666664,0.0,66.66666666666666,33.33333333333333,50.0,33.33333333333333,2,2.0,3.5,3.5,4.0,5.0,4.5
12958,19-4061.00,Social Science Research Assistants,Edit and submit protocols and other required research documentation.,Supplemental,3.0,3.0,3.88,58.07,63560.0,32940.0,['Documenting/Recording Information'],['4.A.3.b.6'],Khác,0,,,,,,,,,,,0.0,0.0,0.0,0.0,0.0,0.0,0.0,0.0,0.0,0.0,0.0,0.0,0.0,0,,,,,,
12964,19-4061.00,Social Science Research Assistants,Code data in preparation for computer entry.,Supplemental,4.0,4.0,3.87,56.22,63560.0,32940.0,[],[],Khác,0,,,,,,,,,,,0.0,0.0,0.0,0.0,0.0,0.0,0.0,0.0,0.0,0.0,0.0,0.0,0.0,0,,,,,,
12972,19-4061.00,Social Science Research Assistants,Track laboratory supplies and expenses such as participant reimbursement.,Supplemental,3.0,3.0,3.84,50.44,63560.0,32940.0,"['Guiding, Directing, and Motivating Subordinates']",['4.A.4.b.4'],Khác,0,,,,,,,,,,,0.0,0.0,0.0,0.0,0.0,0.0,0.0,0.0,0.0,0.0,0.0,0.0,0.0,0,,,,,,
5859,25-1051.00,"Atmospheric, Earth, Marine, and Space Sciences Teachers, Postsecondary","Maintain student attendance records, grades, and other required records.",Core,5.0,5.0,4.43,95.75,112950.0,11480.0,"['Documenting/Recording Information', 'Providing Consultation and Advice to Others']","['4.A.3.b.6', '4.A.4.b.6']",Khác,0,,,,,,,,,,,0.0,0.0,0.0,0.0,0.0,0.0,0.0,0.0,0.0,0.0,0.0,0.0,0.0,0,,,,,,
5851,25-1051.00,"Atmospheric, Earth, Marine, and Space Sciences Teachers, Postsecondary","Evaluate and grade students' class work, assignments, and papers.",Core,4.0,4.0,4.23,98.85,112950.0,11480.0,"['Judging the Qualities of Objects, Services, or People']",['4.A.2.a.1'],Khác,0,,,,,,,,,,,0.0,0.0,0.0,0.0,0.0,0.0,0.0,0.0,0.0,0.0,0.0,0.0,0.0,0,,,,,,
5854,25-1051.00,"Atmospheric, Earth, Marine, and Space Sciences Teachers, Postsecondary","Compile, administer, and grade examinations, or assign this work to others.",Core,3.0,3.0,4.22,97.43,112950.0,11480.0,"['Judging the Qualities of Objects, Services, or People']",['4.A.2.a.1'],Khác,0,,,,,,,,,,,0.0,0.0,0.0,0.0,0.0,0.0,0.0,0.0,0.0,0.0,0.0,0.0,0.0,0,,,,,,
5855,25-1051.00,"Atmospheric, Earth, Marine, and Space Sciences Teachers, Postsecondary","Plan, evaluate, and revise curricula, course content, and course materials and methods of instruction.",Core,5.0,5.0,4.16,100.0,112950.0,11480.0,"['Judging the Qualities of Objects, Services, or People', 'Thinking Creatively']","['4.A.2.a.1', '4.A.2.b.2']",Khác,0,,,,,,,,,,,0.0,0.0,0.0,0.0,0.0,0.0,0.0,0.0,0.0,0.0,0.0,0.0,0.0,0,,,,,,
5895,25-1053.00,"Environmental Science Teachers, Postsecondary","Evaluate and grade students' class work, laboratory work, assignments, and papers.",Core,4.0,4.0,4.51,98.36,100360.0,7130.0,"['Judging the Qualities of Objects, Services, or People']",['4.A.2.a.1'],Khác,0,,,,,,,,,,,0.0,0.0,0.0,0.0,0.0,0.0,0.0,0.0,0.0,0.0,0.0,0.0,0.0,0,,,,,,
5898,25-1053.00,"Environmental Science Teachers, Postsecondary","Prepare course materials, such as syllabi, homework assignments, and handouts.",Core,4.0,4.0,4.24,97.84,100360.0,7130.0,['Documenting/Recording Information'],['4.A.3.b.6'],Khác,0,,,,,,,,,,,0.0,0.0,0.0,0.0,0.0,0.0,0.0,0.0,0.0,0.0,0.0,0.0,0.0,0,,,,,,
5893,25-1053.00,"Environmental Science Teachers, Postsecondary","Conduct research in a particular field of knowledge and publish findings in professional journals, books, or electronic media.",Core,4.0,4.0,4.04,85.82,100360.0,7130.0,"['Updating and Using Relevant Knowledge', 'Documenting/Recording Information']","['4.A.2.b.3', '4.A.3.b.6']",Khác,0,,,,,,,,,,,0.0,0.0,0.0,0.0,0.0,0.0,0.0,0.0,0.0,0.0,0.0,0.0,0.0,0,,,,,,
5904,25-1053.00,"Environmental Science Teachers, Postsecondary","Maintain student attendance records, grades, and other required records.",Core,4.0,4.0,3.96,98.37,100360.0,7130.0,"['Documenting/Recording Information', 'Providing Consultation and Advice to Others']","['4.A.3.b.6', '4.A.4.b.6']",Khác,0,,,,,,,,,,,0.0,0.0,0.0,0.0,0.0,0.0,0.0,0.0,0.0,0.0,0.0,0.0,0.0,0,,,,,,
5901,25-1053.00,"Environmental Science Teachers, Postsecondary","Compile, administer, and grade examinations, or assign this work to others.",Core,3.0,3.0,3.93,98.16,100360.0,7130.0,"['Judging the Qualities of Objects, Services, or People']",['4.A.2.a.1'],Khác,0,,,,,,,,,,,0.0,0.0,0.0,0.0,0.0,0.0,0.0,0.0,0.0,0.0,0.0,0.0,0.0,0,,,,,,
5985,25-1063.00,"Economics Teachers, Postsecondary","Prepare course materials, such as syllabi, homework assignments, and handouts.",Core,4.0,4.0,4.45,95.81,133140.0,12420.0,['Documenting/Recording Information'],['4.A.3.b.6'],Khác,0,,,,,,,,,,,0.0,0.0,0.0,0.0,0.0,0.0,0.0,0.0,0.0,0.0,0.0,0.0,0.0,0,,,,,,
5994,25-1063.00,"Economics Teachers, Postsecondary","Conduct research in a particular field of knowledge and publish findings in professional journals, books, or electronic media.",Core,5.0,5.0,4.41,89.66,133140.0,12420.0,"['Updating and Using Relevant Knowledge', 'Documenting/Recording Information']","['4.A.2.b.3', '4.A.3.b.6']",Khác,0,,,,,,,,,,,0.0,0.0,0.0,0.0,0.0,0.0,0.0,0.0,0.0,0.0,0.0,0.0,0.0,0,,,,,,
5986,25-1063.00,"Economics Teachers, Postsecondary","Evaluate and grade students' class work, assignments, and papers.",Core,4.0,4.0,4.2,95.62,133140.0,12420.0,"['Judging the Qualities of Objects, Services, or People']",['4.A.2.a.1'],Khác,0,,,,,,,,,,,0.0,0.0,0.0,0.0,0.0,0.0,0.0,0.0,0.0,0.0,0.0,0.0,0.0,0,,,,,,
5987,25-1063.00,"Economics Teachers, Postsecondary","Compile, administer, and grade examinations, or assign this work to others.",Core,3.0,3.0,3.99,95.81,133140.0,12420.0,"['Judging the Qualities of Objects, Services, or People']",['4.A.2.a.1'],Khác,0,,,,,,,,,,,0.0,0.0,0.0,0.0,0.0,0.0,0.0,0.0,0.0,0.0,0.0,0.0,0.0,0,,,,,,
5989,25-1063.00,"Economics Teachers, Postsecondary","Maintain student attendance records, grades, and other required records.",Core,4.0,4.0,3.97,93.51,133140.0,12420.0,"['Documenting/Recording Information', 'Providing Consultation and Advice to Others']","['4.A.3.b.6', '4.A.4.b.6']",Khác,0,,,,,,,,,,,0.0,0.0,0.0,0.0,0.0,0.0,0.0,0.0,0.0,0.0,0.0,0.0,0.0,0,,,,,,
5991,25-1063.00,"Economics Teachers, Postsecondary",Maintain regularly scheduled office hours to advise and assist students.,Core,4.0,4.0,3.67,100.0,133140.0,12420.0,['Providing Consultation and Advice to Others'],['4.A.4.b.6'],Khác,0,,,,,,,,,,,0.0,0.0,0.0,0.0,0.0,0.0,0.0,0.0,0.0,0.0,0.0,0.0,0.0,0,,,,,,
5998,25-1063.00,"Economics Teachers, Postsecondary",Collaborate with colleagues to address teaching and research issues.,Core,4.0,4.0,3.58,99.59,133140.0,12420.0,['Updating and Using Relevant Knowledge'],['4.A.2.b.3'],Khác,0,,,,,,,,,,,0.0,0.0,0.0,0.0,0.0,0.0,0.0,0.0,0.0,0.0,0.0,0.0,0.0,0,,,,,,
6011,25-1064.00,"Geography Teachers, Postsecondary","Prepare course materials, such as syllabi, homework assignments, and handouts.",Core,5.0,5.0,4.55,100.0,99020.0,3290.0,['Documenting/Recording Information'],['4.A.3.b.6'],Khác,0,,,,,,,,,,,0.0,0.0,0.0,0.0,0.0,0.0,0.0,0.0,0.0,0.0,0.0,0.0,0.0,0,,,,,,
6007,25-1064.00,"Geography Teachers, Postsecondary","Evaluate and grade students' class work, assignments, and papers.",Core,4.0,4.0,4.34,100.0,99020.0,3290.0,"['Judging the Qualities of Objects, Services, or People']",['4.A.2.a.1'],Khác,0,,,,,,,,,,,0.0,0.0,0.0,0.0,0.0,0.0,0.0,0.0,0.0,0.0,0.0,0.0,0.0,0,,,,,,
6008,25-1064.00,"Geography Teachers, Postsecondary","Compile, administer, and grade examinations, or assign this work to others.",Core,4.0,4.0,4.34,100.0,99020.0,3290.0,"['Judging the Qualities of Objects, Services, or People']",['4.A.2.a.1'],Khác,0,,,,,,,,,,,0.0,0.0,0.0,0.0,0.0,0.0,0.0,0.0,0.0,0.0,0.0,0.0,0.0,0,,,,,,
6010,25-1064.00,"Geography Teachers, Postsecondary","Maintain student attendance records, grades, and other required records.",Core,5.0,5.0,4.16,100.0,99020.0,3290.0,"['Documenting/Recording Information', 'Providing Consultation and Advice to Others']","['4.A.3.b.6', '4.A.4.b.6']",Khác,0,,,,,,,,,,,0.0,0.0,0.0,0.0,0.0,0.0,0.0,0.0,0.0,0.0,0.0,0.0,0.0,0,,,,,,
6014,25-1064.00,"Geography Teachers, Postsecondary","Plan, evaluate, and revise curricula, course content, course materials, and methods of instruction.",Core,4.0,4.0,3.99,100.0,99020.0,3290.0,"['Judging the Qualities of Objects, Services, or People', 'Thinking Creatively']","['4.A.2.a.1', '4.A.2.b.2']",Khác,0,,,,,,,,,,,0.0,0.0,0.0,0.0,0.0,0.0,0.0,0.0,0.0,0.0,0.0,0.0,0.0,0,,,,,,
6015,25-1064.00,"Geography Teachers, Postsecondary",Maintain regularly scheduled office hours to advise and assist students.,Core,4.0,4.0,3.9,99.68,99020.0,3290.0,['Providing Consultation and Advice to Others'],['4.A.4.b.6'],Khác,0,,,,,,,,,,,0.0,0.0,0.0,0.0,0.0,0.0,0.0,0.0,0.0,0.0,0.0,0.0,0.0,0,,,,,,
6018,25-1064.00,"Geography Teachers, Postsecondary",Collaborate with colleagues to address teaching and research issues.,Core,3.0,3.0,3.44,99.27,99020.0,3290.0,['Updating and Using Relevant Knowledge'],['4.A.2.b.3'],Khác,0,,,,,,,,,,,0.0,0.0,0.0,0.0,0.0,0.0,0.0,0.0,0.0,0.0,0.0,0.0,0.0,0,,,,,,
6033,25-1065.00,"Political Science Teachers, Postsecondary","Evaluate and grade students' class work, assignments, and papers.",Core,3.0,3.0,4.63,100.0,105160.0,17170.0,"['Judging the Qualities of Objects, Services, or People']",['4.A.2.a.1'],Khác,0,,,,,,,,,,,0.0,0.0,0.0,0.0,0.0,0.0,0.0,0.0,0.0,0.0,0.0,0.0,0.0,0,,,,,,
6037,25-1065.00,"Political Science Teachers, Postsecondary","Plan, evaluate, and revise curricula, course content, course materials, and methods of instruction.",Core,4.0,4.0,4.42,100.0,105160.0,17170.0,"['Judging the Qualities of Objects, Services, or People', 'Thinking Creatively']","['4.A.2.a.1', '4.A.2.b.2']",Khác,0,,,,,,,,,,,0.0,0.0,0.0,0.0,0.0,0.0,0.0,0.0,0.0,0.0,0.0,0.0,0.0,0,,,,,,
6042,25-1065.00,"Political Science Teachers, Postsecondary","Conduct research in a particular field of knowledge and publish findings in professional journals, books, or electronic media.",Core,4.0,4.0,4.4,88.8,105160.0,17170.0,"['Updating and Using Relevant Knowledge', 'Documenting/Recording Information']","['4.A.2.b.3', '4.A.3.b.6']",Khác,0,,,,,,,,,,,0.0,0.0,0.0,0.0,0.0,0.0,0.0,0.0,0.0,0.0,0.0,0.0,0.0,0,,,,,,
6034,25-1065.00,"Political Science Teachers, Postsecondary","Compile, administer, and grade examinations, or assign this work to others.",Core,3.0,3.0,4.36,100.0,105160.0,17170.0,"['Judging the Qualities of Objects, Services, or People']",['4.A.2.a.1'],Khác,0,,,,,,,,,,,0.0,0.0,0.0,0.0,0.0,0.0,0.0,0.0,0.0,0.0,0.0,0.0,0.0,0,,,,,,
6038,25-1065.00,"Political Science Teachers, Postsecondary","Maintain student attendance records, grades, and other required records.",Core,4.0,4.0,4.23,99.92,105160.0,17170.0,"['Documenting/Recording Information', 'Providing Consultation and Advice to Others']","['4.A.3.b.6', '4.A.4.b.6']",Khác,0,,,,,,,,,,,0.0,0.0,0.0,0.0,0.0,0.0,0.0,0.0,0.0,0.0,0.0,0.0,0.0,0,,,,,,
6039,25-1065.00,"Political Science Teachers, Postsecondary",Maintain regularly scheduled office hours to advise and assist students.,Core,4.0,4.0,4.08,99.88,105160.0,17170.0,['Providing Consultation and Advice to Others'],['4.A.4.b.6'],Khác,0,,,,,,,,,,,0.0,0.0,0.0,0.0,0.0,0.0,0.0,0.0,0.0,0.0,0.0,0.0,0.0,0,,,,,,
6148,25-1081.00,"Education Teachers, Postsecondary","Prepare course materials, such as syllabi, homework assignments, and handouts.",Core,4.0,4.0,4.33,99.89,78500.0,59090.0,['Documenting/Recording Information'],['4.A.3.b.6'],Khác,0,,,,,,,,,,,0.0,0.0,0.0,0.0,0.0,0.0,0.0,0.0,0.0,0.0,0.0,0.0,0.0,0,,,,,,
6160,25-1081.00,"Education Teachers, Postsecondary","Conduct research in a particular field of knowledge and publish findings in professional journals, books, or electronic media.",Core,5.0,5.0,4.32,81.42,78500.0,59090.0,"['Updating and Using Relevant Knowledge', 'Documenting/Recording Information']","['4.A.2.b.3', '4.A.3.b.6']",Khác,0,,,,,,,,,,,0.0,0.0,0.0,0.0,0.0,0.0,0.0,0.0,0.0,0.0,0.0,0.0,0.0,0,,,,,,
6159,25-1081.00,"Education Teachers, Postsecondary","Compile, administer, and grade examinations, or assign this work to others.",Core,3.0,3.0,4.25,99.69,78500.0,59090.0,"['Judging the Qualities of Objects, Services, or People']",['4.A.2.a.1'],Khác,0,,,,,,,,,,,0.0,0.0,0.0,0.0,0.0,0.0,0.0,0.0,0.0,0.0,0.0,0.0,0.0,0,,,,,,
6151,25-1081.00,"Education Teachers, Postsecondary","Evaluate and grade students' class work, assignments, and papers.",Core,4.0,4.0,4.11,99.89,78500.0,59090.0,"['Judging the Qualities of Objects, Services, or People']",['4.A.2.a.1'],Khác,0,,,,,,,,,,,0.0,0.0,0.0,0.0,0.0,0.0,0.0,0.0,0.0,0.0,0.0,0.0,0.0,0,,,,,,
6158,25-1081.00,"Education Teachers, Postsecondary",Collaborate with colleagues to address teaching and research issues.,Core,3.0,3.0,4.05,99.71,78500.0,59090.0,['Updating and Using Relevant Knowledge'],['4.A.2.b.3'],Khác,0,,,,,,,,,,,0.0,0.0,0.0,0.0,0.0,0.0,0.0,0.0,0.0,0.0,0.0,0.0,0.0,0,,,,,,
6156,25-1081.00,"Education Teachers, Postsecondary",Maintain regularly scheduled office hours to advise and assist students.,Core,4.0,4.0,3.85,99.93,78500.0,59090.0,['Providing Consultation and Advice to Others'],['4.A.4.b.6'],Khác,0,,,,,,,,,,,0.0,0.0,0.0,0.0,0.0,0.0,0.0,0.0,0.0,0.0,0.0,0.0,0.0,0,,,,,,
6157,25-1081.00,"Education Teachers, Postsecondary","Maintain student attendance records, grades, and other required records.",Core,4.0,4.0,3.68,99.93,78500.0,59090.0,"['Documenting/Recording Information', 'Providing Consultation and Advice to Others']","['4.A.3.b.6', '4.A.4.b.6']",Khác,0,,,,,,,,,,,0.0,0.0,0.0,0.0,0.0,0.0,0.0,0.0,0.0,0.0,0.0,0.0,0.0,0,,,,,,
6173,25-1082.00,"Library Science Teachers, Postsecondary","Evaluate and grade students' class work, assignments, and papers.",Core,4.0,4.0,4.68,89.69,84320.0,4100.0,"['Judging the Qualities of Objects, Services, or People']",['4.A.2.a.1'],Khác,0,,,,,,,,,,,0.0,0.0,0.0,0.0,0.0,0.0,0.0,0.0,0.0,0.0,0.0,0.0,0.0,0,,,,,,
6181,25-1082.00,"Library Science Teachers, Postsecondary","Compile, administer, and grade examinations, or assign this work to others.",Core,3.0,3.0,4.23,72.91,84320.0,4100.0,"['Judging the Qualities of Objects, Services, or People']",['4.A.2.a.1'],Khác,0,,,,,,,,,,,0.0,0.0,0.0,0.0,0.0,0.0,0.0,0.0,0.0,0.0,0.0,0.0,0.0,0,,,,,,
6178,25-1082.00,"Library Science Teachers, Postsecondary","Maintain student attendance records, grades, and other required records.",Core,4.0,4.0,4.2,85.86,84320.0,4100.0,"['Documenting/Recording Information', 'Providing Consultation and Advice to Others']","['4.A.3.b.6', '4.A.4.b.6']",Khác,0,,,,,,,,,,,0.0,0.0,0.0,0.0,0.0,0.0,0.0,0.0,0.0,0.0,0.0,0.0,0.0,0,,,,,,
6183,25-1082.00,"Library Science Teachers, Postsecondary",Maintain regularly scheduled office hours to advise and assist students.,Core,4.0,4.0,3.74,88.83,84320.0,4100.0,['Providing Consultation and Advice to Others'],['4.A.4.b.6'],Khác,0,,,,,,,,,,,0.0,0.0,0.0,0.0,0.0,0.0,0.0,0.0,0.0,0.0,0.0,0.0,0.0,0,,,,,,
6447,25-1194.00,"Career/Technical Education Teachers, Postsecondary","Present lectures and conduct discussions to increase students' knowledge and competence using visual aids, such as graphs, charts, videotapes, and slides.",Core,5.0,5.0,4.48,99.2,68710.0,111150.0,['Training and Teaching Others'],['4.A.4.b.3'],Khác,0,,,,,,,,,,,0.0,0.0,0.0,0.0,0.0,0.0,0.0,0.0,0.0,0.0,0.0,0.0,0.0,0,,,,,,
6449,25-1194.00,"Career/Technical Education Teachers, Postsecondary","Prepare reports and maintain records, such as student grades, attendance rolls, and training activity details.",Core,5.0,5.0,4.27,98.61,68710.0,111150.0,['Documenting/Recording Information'],['4.A.3.b.6'],Khác,0,,,,,,,,,,,0.0,0.0,0.0,0.0,0.0,0.0,0.0,0.0,0.0,0.0,0.0,0.0,0.0,0,,,,,,
6457,25-1194.00,"Career/Technical Education Teachers, Postsecondary","Develop teaching aids, such as instructional software, multimedia visual aids, or study materials.",Core,3.0,3.0,3.85,86.02,68710.0,111150.0,['Documenting/Recording Information'],['4.A.3.b.6'],Khác,0,,,,,,,,,,,0.0,0.0,0.0,0.0,0.0,0.0,0.0,0.0,0.0,0.0,0.0,0.0,0.0,0,,,,,,
7635,25-4011.00,Archivists,"Prepare archival records, such as document descriptions, to allow easy access to information.",Core,4.0,4.0,4.71,100.0,67620.0,7050.0,[],[],Khác,0,,,,,,,,,,,0.0,0.0,0.0,0.0,0.0,0.0,0.0,0.0,0.0,0.0,0.0,0.0,0.0,0,,,,,,
7630,25-4011.00,Archivists,"Create and maintain accessible, retrievable computer archives and databases, incorporating current advances in electronic information storage technology.",Core,5.0,5.0,4.6,100.0,67620.0,7050.0,['Thinking Creatively'],['4.A.2.b.2'],Khác,0,,,,,,,,,,,0.0,0.0,0.0,0.0,0.0,0.0,0.0,0.0,0.0,0.0,0.0,0.0,0.0,0,,,,,,
7636,25-4011.00,Archivists,"Preserve records, documents, and objects, copying records to film, videotape, audiotape, disk, or computer formats as necessary.",Core,5.0,5.0,4.32,100.0,67620.0,7050.0,['Handling and Moving Objects'],['4.A.3.a.2'],Khác,0,,,,,,,,,,,0.0,0.0,0.0,0.0,0.0,0.0,0.0,0.0,0.0,0.0,0.0,0.0,0.0,0,,,,,,
7639,25-4011.00,Archivists,Research and record the origins and historical significance of archival materials.,Core,5.0,5.0,4.23,100.0,67620.0,7050.0,"['Inspecting Equipment, Structures, or Materials']",['4.A.1.b.2'],Khác,0,,,,,,,,,,,0.0,0.0,0.0,0.0,0.0,0.0,0.0,0.0,0.0,0.0,0.0,0.0,0.0,0,,,,,,
9744,43-4061.00,"Eligibility Interviewers, Government Programs","Compute and authorize amounts of assistance for programs, such as grants, monetary payments, and food stamps.",Core,5.0,5.0,4.71,70.43,53970.0,156260.0,"['Estimating the Quantifiable Characteristics of Products, Events, or Information']",['4.A.1.b.3'],Khác,0,,,,,,,,,,,0.0,0.0,0.0,0.0,0.0,0.0,0.0,0.0,0.0,0.0,0.0,0.0,0.0,0,,,,,,
9739,43-4061.00,"Eligibility Interviewers, Government Programs","Keep records of assigned cases, and prepare required reports.",Core,5.0,5.0,4.59,71.26,53970.0,156260.0,['Documenting/Recording Information'],['4.A.3.b.6'],Khác,6,3.1666666666666665,1.8333333333333333,2.8333333333333335,2.3333333333333335,2.0,2.5,2.3333333333333335,2.0,2.3333333333333335,2.5,83.33333333333334,83.33333333333334,33.33333333333333,16.666666666666664,0.0,66.66666666666666,0.0,0.0,16.666666666666664,16.666666666666664,33.33333333333333,16.666666666666664,0.0,3,4.0,1.6666666666666667,2.0,2.6666666666666665,2.0,2.0
9736,43-4061.00,"Eligibility Interviewers, Government Programs","Compile, record, and evaluate personal and financial data to verify completeness and accuracy, and to determine eligibility status.",Core,5.0,5.0,4.55,86.88,53970.0,156260.0,['Processing Information'],['4.A.2.a.2'],Khác,4,2.75,2.75,2.75,2.5,3.0,2.25,3.25,2.75,3.5,3.25,25.0,50.0,50.0,25.0,0.0,0.0,25.0,50.0,50.0,25.0,25.0,0.0,25.0,2,3.5,1.0,2.0,3.0,1.0,3.0
9735,43-4061.00,"Eligibility Interviewers, Government Programs","Initiate procedures to grant, modify, deny, or terminate assistance, or refer applicants to other agencies for assistance.",Core,5.0,5.0,4.41,96.5,53970.0,156260.0,['Assisting and Caring for Others'],['4.A.4.a.5'],Khác,4,2.5,1.75,2.5,2.25,2.5,1.25,2.75,3.25,3.25,3.25,50.0,25.0,25.0,0.0,0.0,0.0,0.0,25.0,50.0,25.0,0.0,0.0,0.0,2,3.5,1.0,3.0,2.0,2.0,2.5
9743,43-4061.00,"Eligibility Interviewers, Government Programs",Provide social workers with pertinent information gathered during applicant interviews.,Supplemental,5.0,5.0,4.06,53.56,53970.0,156260.0,"['Communicating with Supervisors, Peers, or Subordinates']",['4.A.4.a.2'],Khác,0,,,,,,,,,,,0.0,0.0,0.0,0.0,0.0,0.0,0.0,0.0,0.0,0.0,0.0,0.0,0.0,0,,,,,,
9740,43-4061.00,"Eligibility Interviewers, Government Programs",Schedule benefits claimants for adjudication interviews to address questions of eligibility.,Supplemental,5.0,5.0,4.03,65.92,53970.0,156260.0,['Scheduling Work and Activities'],['4.A.2.b.5'],Khác,0,,,,,,,,,,,0.0,0.0,0.0,0.0,0.0,0.0,0.0,0.0,0.0,0.0,0.0,0.0,0.0,0,,,,,,
9741,43-4061.00,"Eligibility Interviewers, Government Programs","Prepare applications and forms for applicants for such purposes as school enrollment, employment, and medical services.",Supplemental,5.0,5.0,3.91,55.01,53970.0,156260.0,['Documenting/Recording Information'],['4.A.3.b.6'],Khác,4,3.5,2.75,2.5,2.0,2.0,2.25,2.5,3.25,3.25,2.25,50.0,0.0,50.0,0.0,0.0,25.0,25.0,25.0,25.0,0.0,25.0,0.0,25.0,3,4.333333333333333,1.3333333333333333,1.3333333333333333,2.3333333333333335,1.6666666666666667,1.6666666666666667
9745,43-4061.00,"Eligibility Interviewers, Government Programs",Monitor the payments of benefits throughout the duration of a claim.,Supplemental,5.0,5.0,3.62,42.47,53970.0,156260.0,"['Monitoring Processes, Materials, or Surroundings']",['4.A.1.a.2'],Khác,0,,,,,,,,,,,0.0,0.0,0.0,0.0,0.0,0.0,0.0,0.0,0.0,0.0,0.0,0.0,0.0,0,,,,,,
17700,43-5011.01,Freight Forwarders,"Arrange for applicable duties, taxes, or paperwork for customs clearance.",Core,5.0,5.0,4.52,71.69,,,['Documenting/Recording Information'],['4.A.3.b.6'],Khác,0,,,,,,,,,,,0.0,0.0,0.0,0.0,0.0,0.0,0.0,0.0,0.0,0.0,0.0,0.0,0.0,0,,,,,,
17689,43-5011.01,Freight Forwarders,"Inform clients of factors such as shipping options, timelines, transfers, or regulations affecting shipments.",Core,5.0,5.0,4.52,87.08,,,['Interpreting the Meaning of Information for Others'],['4.A.4.a.1'],Khác,0,,,,,,,,,,,0.0,0.0,0.0,0.0,0.0,0.0,0.0,0.0,0.0,0.0,0.0,0.0,0.0,0,,,,,,
17687,43-5011.01,Freight Forwarders,"Prepare shipping documentation, such as bills of lading, packing lists, dock receipts, or certificates of origin.",Core,5.0,5.0,4.51,84.68,,,['Documenting/Recording Information'],['4.A.3.b.6'],Khác,0,,,,,,,,,,,0.0,0.0,0.0,0.0,0.0,0.0,0.0,0.0,0.0,0.0,0.0,0.0,0.0,0,,,,,,
17701,43-5011.01,Freight Forwarders,Complete customs paperwork.,Core,5.0,5.0,4.47,79.6,,,['Documenting/Recording Information'],['4.A.3.b.6'],Khác,0,,,,,,,,,,,0.0,0.0,0.0,0.0,0.0,0.0,0.0,0.0,0.0,0.0,0.0,0.0,0.0,0,,,,,,
17696,43-5011.01,Freight Forwarders,Prepare invoices or cost quotations for freight transportation.,Core,5.0,5.0,4.42,85.64,,,['Documenting/Recording Information'],['4.A.3.b.6'],Khác,0,,,,,,,,,,,0.0,0.0,0.0,0.0,0.0,0.0,0.0,0.0,0.0,0.0,0.0,0.0,0.0,0,,,,,,
17680,43-5011.01,Freight Forwarders,"Select shipment routes, based on nature of goods shipped, transit times, or security needs.",Core,5.0,5.0,4.39,75.64,,,['Analyzing Data or Information'],['4.A.2.a.4'],Khác,0,,,,,,,,,,,0.0,0.0,0.0,0.0,0.0,0.0,0.0,0.0,0.0,0.0,0.0,0.0,0.0,0,,,,,,
17686,43-5011.01,Freight Forwarders,"Calculate weight, volume, or cost of goods to be moved.",Core,5.0,5.0,4.38,81.01,,,['Making Decisions and Solving Problems'],['4.A.2.b.1'],Khác,0,,,,,,,,,,,0.0,0.0,0.0,0.0,0.0,0.0,0.0,0.0,0.0,0.0,0.0,0.0,0.0,0,,,,,,
17681,43-5011.01,Freight Forwarders,Determine efficient and cost-effective methods of moving goods from one location to another.,Core,5.0,5.0,4.33,90.02,,,['Analyzing Data or Information'],['4.A.2.a.4'],Khác,0,,,,,,,,,,,0.0,0.0,0.0,0.0,0.0,0.0,0.0,0.0,0.0,0.0,0.0,0.0,0.0,0,,,,,,
17695,43-5011.01,Freight Forwarders,Pay or arrange for payment of freight or insurance fees or other charges.,Core,5.0,5.0,4.32,90.29,,,['Performing Administrative Activities'],['4.A.4.c.1'],Khác,0,,,,,,,,,,,0.0,0.0,0.0,0.0,0.0,0.0,0.0,0.0,0.0,0.0,0.0,0.0,0.0,0,,,,,,
17692,43-5011.01,Freight Forwarders,Monitor or record locations of goods in transit.,Core,5.0,5.0,4.29,86.54,,,"['Monitoring Processes, Materials, or Surroundings']",['4.A.1.a.2'],Khác,0,,,,,,,,,,,0.0,0.0,0.0,0.0,0.0,0.0,0.0,0.0,0.0,0.0,0.0,0.0,0.0,0,,,,,,
17690,43-5011.01,Freight Forwarders,Keep records of goods dispatched or received.,Core,5.0,5.0,4.28,94.43,,,['Documenting/Recording Information'],['4.A.3.b.6'],Khác,0,,,,,,,,,,,0.0,0.0,0.0,0.0,0.0,0.0,0.0,0.0,0.0,0.0,0.0,0.0,0.0,0,,,,,,
17682,43-5011.01,Freight Forwarders,"Reserve necessary space on ships, aircraft, trains, or trucks.",Core,5.0,5.0,4.26,81.43,,,"['Guiding, Directing, and Motivating Subordinates']",['4.A.4.b.4'],Khác,0,,,,,,,,,,,0.0,0.0,0.0,0.0,0.0,0.0,0.0,0.0,0.0,0.0,0.0,0.0,0.0,0,,,,,,
17694,43-5011.01,Freight Forwarders,Obtain or arrange cargo insurance.,Core,5.0,5.0,4.23,75.07,,,['Performing Administrative Activities'],['4.A.4.c.1'],Khác,0,,,,,,,,,,,0.0,0.0,0.0,0.0,0.0,0.0,0.0,0.0,0.0,0.0,0.0,0.0,0.0,0,,,,,,
17688,43-5011.01,Freight Forwarders,Consolidate loads with a common destination to reduce costs to individual shippers.,Core,5.0,5.0,4.17,80.15,,,"['Identifying Objects, Actions, and Events']",['4.A.1.b.1'],Khác,0,,,,,,,,,,,0.0,0.0,0.0,0.0,0.0,0.0,0.0,0.0,0.0,0.0,0.0,0.0,0.0,0,,,,,,
17703,43-5011.01,Freight Forwarders,Provide detailed port information to importers or exporters.,Core,5.0,5.0,4.13,84.4,,,['Interpreting the Meaning of Information for Others'],['4.A.4.a.1'],Khác,0,,,,,,,,,,,0.0,0.0,0.0,0.0,0.0,0.0,0.0,0.0,0.0,0.0,0.0,0.0,0.0,0,,,,,,
17704,43-5011.01,Freight Forwarders,"Provide shipment status notification to exporters, consignees, or insurers.",Core,5.0,5.0,4.11,89.88,,,"['Guiding, Directing, and Motivating Subordinates']",['4.A.4.b.4'],Khác,0,,,,,,,,,,,0.0,0.0,0.0,0.0,0.0,0.0,0.0,0.0,0.0,0.0,0.0,0.0,0.0,0,,,,,,
17699,43-5011.01,Freight Forwarders,"Verify adherence of documentation to customs, insurance, or regulatory requirements.",Core,5.0,5.0,4.05,94.77,,,['Evaluating Information to Determine Compliance with Standards'],['4.A.2.a.3'],Khác,0,,,,,,,,,,,0.0,0.0,0.0,0.0,0.0,0.0,0.0,0.0,0.0,0.0,0.0,0.0,0.0,0,,,,,,
17691,43-5011.01,Freight Forwarders,"Maintain current knowledge of relevant legislation, political situations, or other factors that could affect freight shipping.",Core,5.0,5.0,3.94,86.23,,,['Updating and Using Relevant Knowledge'],['4.A.2.b.3'],Khác,0,,,,,,,,,,,0.0,0.0,0.0,0.0,0.0,0.0,0.0,0.0,0.0,0.0,0.0,0.0,0.0,0,,,,,,
17702,43-5011.01,Freight Forwarders,Make arrangements with customs brokers to facilitate the passage of goods through customs.,Supplemental,5.0,5.0,4.37,65.7,,,"['Communicating with Supervisors, Peers, or Subordinates']",['4.A.4.a.2'],Khác,0,,,,,,,,,,,0.0,0.0,0.0,0.0,0.0,0.0,0.0,0.0,0.0,0.0,0.0,0.0,0.0,0,,,,,,
11405,43-9021.00,Data Entry Keyers,"Locate and correct data entry errors, or report them to supervisors.",Core,7.0,7.0,4.82,94.48,42070.0,135280.0,"['Processing Information', 'Communicating with Supervisors, Peers, or Subordinates']","['4.A.2.a.2', '4.A.4.a.2']",Khác,8,3.25,2.125,3.5,2.625,3.375,1.25,2.625,2.75,2.875,2.75,62.5,62.5,37.5,0.0,0.0,50.0,12.5,37.5,37.5,25.0,50.0,50.0,37.5,2,4.0,2.0,2.0,1.5,1.5,2.0
11402,43-9021.00,Data Entry Keyers,"Compile, sort, and verify the accuracy of data before it is entered.",Core,5.0,5.0,4.72,80.89,42070.0,135280.0,['Processing Information'],['4.A.2.a.2'],Khác,8,3.0,3.125,4.125,2.5,3.875,1.75,2.625,2.875,3.0,2.875,50.0,50.0,37.5,12.5,0.0,62.5,12.5,62.5,62.5,37.5,62.5,37.5,25.0,3,4.0,1.6666666666666667,1.6666666666666667,2.0,1.0,1.6666666666666667
11403,43-9021.00,Data Entry Keyers,"Compare data with source documents, or re-enter data in verification format to detect errors.",Core,7.0,7.0,4.54,86.58,42070.0,135280.0,"['Processing Information', 'Working with Computers']","['4.A.2.a.2', '4.A.3.b.1']",Khác,6,3.5,2.3333333333333335,3.1666666666666665,2.3333333333333335,2.6666666666666665,2.0,1.8333333333333333,2.8333333333333335,2.8333333333333335,2.6666666666666665,66.66666666666666,66.66666666666666,50.0,0.0,16.666666666666664,50.0,16.666666666666664,50.0,33.33333333333333,33.33333333333333,50.0,16.666666666666664,33.33333333333333,2,4.0,1.5,2.0,2.0,1.0,1.5
11404,43-9021.00,Data Entry Keyers,Store completed documents in appropriate locations.,Core,7.0,7.0,4.39,86.68,42070.0,135280.0,['Handling and Moving Objects'],['4.A.3.a.2'],Khác,6,4.333333333333333,2.1666666666666665,3.1666666666666665,1.8333333333333333,2.8333333333333335,1.8333333333333333,2.0,2.3333333333333335,2.6666666666666665,2.0,83.33333333333334,83.33333333333334,50.0,0.0,0.0,50.0,16.666666666666664,16.666666666666664,16.666666666666664,16.666666666666664,16.666666666666664,16.666666666666664,16.666666666666664,3,3.0,2.0,2.6666666666666665,2.3333333333333335,1.6666666666666667,2.0
11401,43-9021.00,Data Entry Keyers,"Read source documents such as canceled checks, sales reports, or bills, and enter data in specific data fields or onto tapes or disks for subsequent entry, using keyboards or scanners.",Supplemental,7.0,7.0,4.52,66.96,42070.0,135280.0,['Working with Computers'],['4.A.3.b.1'],Khác,5,4.0,2.4,3.2,2.6,2.8,2.4,2.4,3.2,3.0,3.2,80.0,60.0,60.0,20.0,0.0,80.0,20.0,60.0,40.0,40.0,40.0,20.0,40.0,3,3.6666666666666665,1.3333333333333333,2.3333333333333335,2.0,1.0,2.0
11406,43-9021.00,Data Entry Keyers,Maintain logs of activities and completed work.,Supplemental,5.0,5.0,4.21,66.12,42070.0,135280.0,['Documenting/Recording Information'],['4.A.3.b.6'],Khác,4,4.25,2.0,2.5,1.75,2.0,1.75,2.25,2.5,2.25,2.0,100.0,75.0,75.0,50.0,0.0,100.0,25.0,25.0,25.0,25.0,25.0,25.0,25.0,3,3.6666666666666665,1.6666666666666667,1.3333333333333333,1.6666666666666667,1.6666666666666667,2.0
9788,43-9111.00,Statistical Assistants,"Compute and analyze data, using statistical formulas and computers or calculators.",Core,5.0,5.0,4.51,92.28,55470.0,5900.0,['Analyzing Data or Information'],['4.A.2.a.4'],Khác,0,,,,,,,,,,,0.0,0.0,0.0,0.0,0.0,0.0,0.0,0.0,0.0,0.0,0.0,0.0,0.0,0,,,,,,
9792,43-9111.00,Statistical Assistants,Check source data to verify completeness and accuracy.,Core,5.0,5.0,4.41,94.41,55470.0,5900.0,['Processing Information'],['4.A.2.a.2'],Khác,0,,,,,,,,,,,0.0,0.0,0.0,0.0,0.0,0.0,0.0,0.0,0.0,0.0,0.0,0.0,0.0,0,,,,,,
9789,43-9111.00,Statistical Assistants,Enter data into computers for use in analyses or reports.,Core,5.0,5.0,4.37,91.96,55470.0,5900.0,['Working with Computers'],['4.A.3.b.1'],Khác,0,,,,,,,,,,,0.0,0.0,0.0,0.0,0.0,0.0,0.0,0.0,0.0,0.0,0.0,0.0,0.0,0,,,,,,
9791,43-9111.00,Statistical Assistants,"Compile reports, charts, or graphs that describe and interpret findings of analyses.",Core,4.0,4.0,4.36,96.0,55470.0,5900.0,['Processing Information'],['4.A.2.a.2'],Khác,0,,,,,,,,,,,0.0,0.0,0.0,0.0,0.0,0.0,0.0,0.0,0.0,0.0,0.0,0.0,0.0,0,,,,,,
9793,43-9111.00,Statistical Assistants,Participate in the publication of data or information.,Core,3.0,3.0,4.23,72.39,55470.0,5900.0,['Documenting/Recording Information'],['4.A.3.b.6'],Khác,0,,,,,,,,,,,0.0,0.0,0.0,0.0,0.0,0.0,0.0,0.0,0.0,0.0,0.0,0.0,0.0,0,,,,,,
9795,43-9111.00,Statistical Assistants,"File data and related information, and maintain and update databases.",Core,3.0,3.0,4.23,97.62,55470.0,5900.0,"['Working with Computers', 'Performing Administrative Activities']","['4.A.3.b.1', '4.A.4.c.1']",Khác,0,,,,,,,,,,,0.0,0.0,0.0,0.0,0.0,0.0,0.0,0.0,0.0,0.0,0.0,0.0,0.0,0,,,,,,
9798,43-9111.00,Statistical Assistants,"Code data prior to computer entry, using lists of codes.",Core,5.0,5.0,4.1,80.1,55470.0,5900.0,['Working with Computers'],['4.A.3.b.1'],Khác,0,,,,,,,,,,,0.0,0.0,0.0,0.0,0.0,0.0,0.0,0.0,0.0,0.0,0.0,0.0,0.0,0,,,,,,
9790,43-9111.00,Statistical Assistants,"Compile statistics from source materials, such as production or sales records, quality-control or test records, time sheets, or survey sheets.",Core,5.0,5.0,4.07,75.98,55470.0,5900.0,['Processing Information'],['4.A.2.a.2'],Khác,0,,,,,,,,,,,0.0,0.0,0.0,0.0,0.0,0.0,0.0,0.0,0.0,0.0,0.0,0.0,0.0,0,,,,,,
9796,43-9111.00,Statistical Assistants,Select statistical tests for analyzing data.,Supplemental,3.0,3.0,4.21,63.39,55470.0,5900.0,['Developing Objectives and Strategies'],['4.A.2.b.4'],Khác,0,,,,,,,,,,,0.0,0.0,0.0,0.0,0.0,0.0,0.0,0.0,0.0,0.0,0.0,0.0,0.0,0,,,,,,
892,49-2094.00,"Electrical and Electronics Repairers, Commercial and Industrial Equipment","Maintain equipment logs that record performance problems, repairs, calibrations, or tests.",Core,5.0,5.0,4.26,81.68,72950.0,59990.0,['Documenting/Recording Information'],['4.A.3.b.6'],Khác,0,,,,,,,,,,,0.0,0.0,0.0,0.0,0.0,0.0,0.0,0.0,0.0,0.0,0.0,0.0,0.0,0,,,,,,
899,49-2094.00,"Electrical and Electronics Repairers, Commercial and Industrial Equipment","Enter information into computer to copy program or to draw, modify, or store schematics, applying knowledge of software package used.",Core,5.0,5.0,4.04,80.04,72950.0,59990.0,['Working with Computers'],['4.A.3.b.1'],Khác,0,,,,,,,,,,,0.0,0.0,0.0,0.0,0.0,0.0,0.0,0.0,0.0,0.0,0.0,0.0,0.0,0,,,,,,
894,49-2094.00,"Electrical and Electronics Repairers, Commercial and Industrial Equipment",Maintain inventory of spare parts.,Core,5.0,5.0,3.88,84.85,72950.0,59990.0,['Monitoring and Controlling Resources'],['4.A.4.c.3'],Khác,0,,,,,,,,,,,0.0,0.0,0.0,0.0,0.0,0.0,0.0,0.0,0.0,0.0,0.0,0.0,0.0,0,,,,,,
891,49-2094.00,"Electrical and Electronics Repairers, Commercial and Industrial Equipment","Study blueprints, schematics, manuals, or other specifications to determine installation procedures.",Core,3.0,3.0,3.87,99.09,72950.0,59990.0,['Getting Information'],['4.A.1.a.1'],Khác,0,,,,,,,,,,,0.0,0.0,0.0,0.0,0.0,0.0,0.0,0.0,0.0,0.0,0.0,0.0,0.0,0,,,,,,
889,49-2094.00,"Electrical and Electronics Repairers, Commercial and Industrial Equipment","Advise management regarding customer satisfaction, product performance, or suggestions for product improvements.",Core,3.0,3.0,3.36,73.61,72950.0,59990.0,['Providing Consultation and Advice to Others'],['4.A.4.b.6'],Khác,0,,,,,,,,,,,0.0,0.0,0.0,0.0,0.0,0.0,0.0,0.0,0.0,0.0,0.0,0.0,0.0,0,,,,,,
8506,51-8011.00,Nuclear Power Reactor Operators,"Adjust controls to position rod and to regulate flux level, reactor period, coolant temperature, or rate of power flow, following standard procedures.",Core,6.0,6.0,4.86,94.36,122830.0,5720.0,['Controlling Machines and Processes'],['4.A.3.a.3'],Khác,0,,,,,,,,,,,0.0,0.0,0.0,0.0,0.0,0.0,0.0,0.0,0.0,0.0,0.0,0.0,0.0,0,,,,,,
8513,51-8011.00,Nuclear Power Reactor Operators,"Record operating data, such as the results of surveillance tests.",Core,6.0,6.0,4.53,98.71,122830.0,5720.0,['Documenting/Recording Information'],['4.A.3.b.6'],Khác,0,,,,,,,,,,,0.0,0.0,0.0,0.0,0.0,0.0,0.0,0.0,0.0,0.0,0.0,0.0,0.0,0,,,,,,
12735,53-2021.00,Air Traffic Controllers,Transfer control of departing flights to traffic control centers and accept control of arriving flights.,Core,7.0,7.0,4.8,89.1,142740.0,22400.0,"['Guiding, Directing, and Motivating Subordinates']",['4.A.4.b.4'],Khác,0,,,,,,,,,,,0.0,0.0,0.0,0.0,0.0,0.0,0.0,0.0,0.0,0.0,0.0,0.0,0.0,0,,,,,,
12730,53-2021.00,Air Traffic Controllers,"Monitor aircraft within a specific airspace, using radar, computer equipment, or visual references.",Core,7.0,7.0,4.74,99.32,142740.0,22400.0,"['Monitoring Processes, Materials, or Surroundings']",['4.A.1.a.2'],Khác,0,,,,,,,,,,,0.0,0.0,0.0,0.0,0.0,0.0,0.0,0.0,0.0,0.0,0.0,0.0,0.0,0,,,,,,
12738,53-2021.00,Air Traffic Controllers,"Maintain radio or telephone contact with adjacent control towers, terminal control units, or other area control centers to coordinate aircraft movement.",Core,7.0,7.0,4.57,99.05,142740.0,22400.0,"['Communicating with Supervisors, Peers, or Subordinates']",['4.A.4.a.2'],Khác,0,,,,,,,,,,,0.0,0.0,0.0,0.0,0.0,0.0,0.0,0.0,0.0,0.0,0.0,0.0,0.0,0,,,,,,
12737,53-2021.00,Air Traffic Controllers,Determine the timing or procedures for flight vector changes.,Core,7.0,7.0,4.51,83.09,142740.0,22400.0,"['Organizing, Planning, and Prioritizing Work']",['4.A.2.b.6'],Khác,0,,,,,,,,,,,0.0,0.0,0.0,0.0,0.0,0.0,0.0,0.0,0.0,0.0,0.0,0.0,0.0,0,,,,,,
12741,53-2021.00,Air Traffic Controllers,Check conditions and traffic at different altitudes in response to pilots' requests for altitude changes.,Core,7.0,7.0,4.39,81.2,142740.0,22400.0,"['Monitoring Processes, Materials, or Surroundings']",['4.A.1.a.2'],Khác,0,,,,,,,,,,,0.0,0.0,0.0,0.0,0.0,0.0,0.0,0.0,0.0,0.0,0.0,0.0,0.0,0,,,,,,
12742,53-2021.00,Air Traffic Controllers,"Relay air traffic information, such as courses, altitudes, or expected arrival times, to control centers.",Core,7.0,7.0,4.37,83.05,142740.0,22400.0,"['Communicating with Supervisors, Peers, or Subordinates']",['4.A.4.a.2'],Khác,0,,,,,,,,,,,0.0,0.0,0.0,0.0,0.0,0.0,0.0,0.0,0.0,0.0,0.0,0.0,0.0,0,,,,,,
12743,53-2021.00,Air Traffic Controllers,"Compile information about flights from flight plans, pilot reports, radar, or observations.",Core,7.0,7.0,4.25,73.59,142740.0,22400.0,['Processing Information'],['4.A.2.a.2'],Khác,0,,,,,,,,,,,0.0,0.0,0.0,0.0,0.0,0.0,0.0,0.0,0.0,0.0,0.0,0.0,0.0,0,,,,,,
12747,53-2021.00,Air Traffic Controllers,Organize flight plans or traffic management plans to prepare for planes about to enter assigned airspace.,Core,7.0,7.0,4.24,78.35,142740.0,22400.0,"['Organizing, Planning, and Prioritizing Work']",['4.A.2.b.6'],Khác,0,,,,,,,,,,,0.0,0.0,0.0,0.0,0.0,0.0,0.0,0.0,0.0,0.0,0.0,0.0,0.0,0,,,,,,
12748,53-2021.00,Air Traffic Controllers,"Review records or reports for clarity and completeness and maintain records or reports, as required under federal law.",Core,5.0,5.0,3.81,68.95,142740.0,22400.0,"['Evaluating Information to Determine Compliance with Standards', 'Documenting/Recording Information']","['4.A.2.a.3', '4.A.3.b.6']",Khác,0,,,,,,,,,,,0.0,0.0,0.0,0.0,0.0,0.0,0.0,0.0,0.0,0.0,0.0,0.0,0.0,0,,,,,,
12749,53-2021.00,Air Traffic Controllers,Complete daily activity reports and keep records of messages from aircraft.,Core,7.0,7.0,3.57,74.85,142740.0,22400.0,['Documenting/Recording Information'],['4.A.3.b.6'],Khác,0,,,,,,,,,,,0.0,0.0,0.0,0.0,0.0,0.0,0.0,0.0,0.0,0.0,0.0,0.0,0.0,0,,,,,,
12746,53-2021.00,Air Traffic Controllers,"Analyze factors such as weather reports, fuel requirements, or maps to determine air routes.",Supplemental,5.0,5.0,4.07,57.19,142740.0,22400.0,['Making Decisions and Solving Problems'],['4.A.2.b.1'],Khác,0,,,,,,,,,,,0.0,0.0,0.0,0.0,0.0,0.0,0.0,0.0,0.0,0.0,0.0,0.0,0.0,0,,,,,,
